League,season,date,name,Games_Played,Wins,Draws,Losses,Goals_Scored,Goals_Conceded,Avg_Shots,Avg_Shots_On_Target,Avg_Fouls,Avg_Corners,Avg_Yellow_Cards,Avg_Red_Cards,Goals_Per_Game,Shots_Per_Goal
La Liga,2014,2015-05-02 19:00:00,Real Madrid,38,30,2,6,118,15,18.05,7.45,10.71,6.47,2.24,0.08,3.11,0.06
La Liga,2014,2015-05-02 15:00:00,Barcelona,38,30,4,4,110,11,16.45,7.18,9.71,6.13,1.74,0.08,2.89,0.07
Ligue 1,2014,2015-05-03 20:00:00,Paris Saint Germain,38,24,11,3,83,14,12.66,5.76,11.58,4.5,1.66,0.08,2.18,0.07
Premier League,2014,2015-05-03 16:00:00,Manchester City,38,24,7,7,83,14,17.63,6.03,11.71,7.18,2.03,0.05,2.18,0.07
Bundesliga,2014,2015-05-02 17:30:00,Bayern Munich,34,25,4,5,80,7,17.21,6.91,12.18,6.53,1.09,0.06,2.35,0.09
Ligue 1,2014,2015-05-01 19:30:00,Marseille,38,21,6,11,76,22,14.32,5.0,14.53,5.63,1.71,0.16,2.0,0.07
Premier League,2014,2015-05-03 13:30:00,Chelsea,38,26,9,3,73,9,14.84,5.53,10.05,5.95,2.03,0.11,1.92,0.08
Bundesliga,2014,2015-05-02 14:30:00,Wolfsburg,34,20,9,5,72,13,15.29,6.06,13.35,5.41,1.29,0.03,2.12,0.08
Ligue 1,2014,2015-05-02 16:00:00,Lyon,38,22,9,7,72,11,13.39,5.58,15.29,4.55,1.68,0.03,1.89,0.08
Serie A,2014,2015-05-02 17:00:00,Juventus,38,26,9,3,72,11,15.84,5.29,13.79,5.82,1.89,0.13,1.89,0.07
La Liga,2014,2015-05-02 19:00:00,Sevilla,38,23,7,8,71,13,12.18,4.92,15.89,5.24,3.03,0.05,1.87,0.07
Premier League,2014,2015-05-04 20:00:00,Arsenal,38,22,9,7,71,14,16.05,5.97,9.92,6.68,1.79,0.05,1.87,0.08
Serie A,2014,2015-05-03 14:00:00,Lazio,38,21,6,11,71,18,14.5,5.58,17.84,5.47,2.74,0.24,1.87,0.08
La Liga,2014,2015-05-03 18:00:00,Valencia,38,22,11,5,70,10,11.61,4.18,14.89,4.42,2.66,0.24,1.84,0.06
Serie A,2014,2015-05-03 19:45:00,Napoli,38,18,9,11,70,28,16.42,6.18,13.79,6.61,2.03,0.16,1.84,0.09
La Liga,2014,2015-05-02 17:00:00,Atletico Madrid,38,23,9,6,67,11,11.5,4.92,14.29,5.13,2.87,0.13,1.76,0.07
Bundesliga,2014,2015-05-02 17:30:00,Bayer Leverkusen,34,17,10,7,62,15,16.29,5.68,17.91,5.94,2.24,0.12,1.82,0.09
Premier League,2014,2015-05-02 17:30:00,Manchester United,38,20,10,8,62,15,13.5,4.74,11.92,5.61,1.68,0.13,1.63,0.08
Serie A,2014,2015-05-03 11:30:00,Genoa,38,16,11,11,62,21,12.87,4.63,16.68,6.11,2.68,0.16,1.63,0.07
Serie A,2014,2015-05-03 14:00:00,Fiorentina,38,18,10,10,61,17,16.21,5.26,14.13,6.5,2.13,0.08,1.61,0.09
Serie A,2014,2015-05-03 14:00:00,Inter,38,14,13,11,59,23,16.18,4.84,14.74,6.16,2.45,0.13,1.55,0.08
Premier League,2014,2015-05-03 16:00:00,Tottenham,38,19,7,12,58,24,13.87,4.5,11.61,5.89,2.08,0.11,1.53,0.08
Bundesliga,2014,2015-05-02 14:30:00,Eintracht Frankfurt,34,11,10,13,56,26,12.59,5.06,16.74,4.62,2.47,0.09,1.65,0.09
Serie A,2014,2015-05-03 19:45:00,AC Milan,38,13,13,12,56,19,11.84,3.92,14.24,5.16,2.16,0.34,1.47,0.07
Ligue 1,2014,2015-05-02 19:00:00,Caen,38,12,10,16,54,25,12.13,4.08,11.76,5.16,1.13,0.16,1.42,0.08
Premier League,2014,2015-05-02 15:00:00,Southampton,38,18,6,14,54,13,13.42,4.45,12.32,5.5,1.5,0.08,1.42,0.08
Serie A,2014,2015-05-03 11:30:00,Roma,38,19,13,6,54,14,13.82,4.61,13.66,5.89,2.68,0.13,1.42,0.09
Bundesliga,2014,2015-05-03 16:30:00,Borussia M.Gladbach,34,19,9,6,53,14,12.65,5.09,12.24,4.62,1.59,0.06,1.56,0.1
Serie A,2014,2015-05-02 19:45:00,Palermo,38,12,13,13,53,25,12.61,3.97,15.32,5.16,2.18,0.11,1.39,0.07
Premier League,2014,2015-05-02 15:00:00,Liverpool,38,18,8,12,52,20,15.53,5.05,10.13,5.21,1.74,0.08,1.37,0.1
Ligue 1,2014,2015-05-03 16:00:00,Monaco,38,20,11,7,51,10,11.89,4.34,13.32,5.58,1.53,0.13,1.34,0.09
Ligue 1,2014,2015-05-02 19:00:00,Saint-Etienne,38,19,12,7,51,11,11.66,3.97,14.66,5.45,1.74,0.05,1.34,0.08
Bundesliga,2014,2015-05-02 14:30:00,Werder Bremen,34,11,10,13,50,24,12.24,5.0,17.29,4.47,1.97,0.06,1.47,0.1
Bundesliga,2014,2015-05-02 14:30:00,Hoffenheim,34,12,8,14,49,26,14.79,4.97,17.65,4.85,1.94,0.06,1.44,0.1
Serie A,2014,2015-05-02 19:45:00,Sassuolo,38,12,13,13,49,22,11.79,4.0,15.45,4.32,2.66,0.24,1.29,0.08
Serie A,2014,2015-05-03 14:00:00,Verona,38,11,13,14,49,30,12.13,4.13,13.76,4.61,2.53,0.18,1.29,0.08
La Liga,2014,2015-05-02 21:00:00,Villarreal,38,16,12,10,48,17,13.34,4.66,13.84,6.03,2.47,0.05,1.26,0.1
Premier League,2014,2015-05-02 15:00:00,Everton,38,12,11,15,48,21,12.71,4.37,10.21,5.11,1.74,0.05,1.26,0.09
Premier League,2014,2015-05-02 15:00:00,Stoke,38,15,9,14,48,22,13.21,3.58,12.79,5.05,2.16,0.03,1.26,0.07
Serie A,2014,2015-05-04 19:45:00,Cagliari,38,8,10,20,48,36,13.03,4.71,15.63,5.29,2.84,0.16,1.26,0.1
Serie A,2014,2015-05-02 17:00:00,Sampdoria,38,13,17,8,48,15,13.24,4.08,16.16,5.58,2.53,0.08,1.26,0.09
Serie A,2014,2015-05-06 14:00:00,Torino,38,14,12,12,48,14,14.37,4.45,14.29,4.74,2.53,0.08,1.26,0.09
Bundesliga,2014,2015-05-02 14:30:00,Borussia Dortmund,34,13,7,14,47,15,16.74,5.62,13.35,6.06,1.59,0.0,1.38,0.12
La Liga,2014,2015-05-04 19:45:00,Celta Vigo,38,13,12,13,47,22,13.13,4.34,15.42,6.32,3.03,0.13,1.24,0.09
La Liga,2014,2015-05-03 11:00:00,Espanyol,38,13,10,15,47,19,9.68,3.55,16.16,4.66,3.05,0.16,1.24,0.08
Ligue 1,2014,2015-05-02 19:00:00,Bordeaux,38,17,12,9,47,23,12.84,4.21,13.24,5.0,1.61,0.13,1.24,0.09
Ligue 1,2014,2015-05-02 19:00:00,Reims,38,12,8,18,47,29,11.58,3.63,14.32,4.74,2.0,0.11,1.24,0.08
Premier League,2014,2015-05-03 13:30:00,Crystal Palace,38,13,9,16,47,27,11.63,3.66,13.87,5.5,1.66,0.11,1.24,0.08
La Liga,2014,2015-05-03 11:00:00,Rayo Vallecano,38,15,4,19,46,26,12.95,4.53,14.58,5.21,2.79,0.16,1.21,0.1
Ligue 1,2014,2015-05-02 19:00:00,Montpellier,38,16,8,14,46,21,10.24,3.63,13.63,4.58,1.34,0.03,1.21,0.08
Premier League,2014,2015-05-02 12:45:00,Leicester,38,11,8,19,46,22,12.03,3.61,12.03,5.55,1.29,0.11,1.21,0.08
Premier League,2014,2015-05-02 15:00:00,Swansea,38,16,8,14,46,22,11.21,3.89,10.47,3.97,1.26,0.13,1.21,0.08
Serie A,2014,2015-05-06 14:00:00,Empoli,38,8,18,12,46,22,13.58,4.42,12.87,5.92,1.53,0.11,1.21,0.1
Bundesliga,2014,2015-05-03 14:30:00,Mainz 05,34,9,13,12,45,19,12.91,4.29,14.56,4.35,1.56,0.06,1.32,0.1
La Liga,2014,2015-05-01 19:45:00,Real Sociedad,38,11,13,14,44,21,11.29,3.5,13.47,5.32,2.32,0.03,1.16,0.08
Ligue 1,2014,2015-05-02 19:00:00,Lorient,38,12,7,19,44,17,12.84,4.58,12.0,5.03,1.42,0.05,1.16,0.1
Ligue 1,2014,2015-05-02 19:00:00,Nice,38,13,9,16,44,24,11.03,3.71,14.37,5.08,2.21,0.16,1.16,0.08
Premier League,2014,2015-05-02 15:00:00,West Ham,38,12,11,15,44,18,12.87,4.0,11.05,6.34,1.68,0.05,1.16,0.09
Bundesliga,2014,2015-05-02 14:30:00,Augsburg,34,15,4,15,43,21,13.47,4.41,16.24,4.38,1.79,0.09,1.26,0.1
Ligue 1,2014,2015-05-03 13:00:00,Lille,38,16,8,14,43,12,12.18,3.92,12.16,4.34,1.66,0.11,1.13,0.09
Ligue 1,2014,2015-05-03 16:00:00,Toulouse,38,12,6,20,43,29,11.34,3.39,15.21,5.08,1.61,0.13,1.13,0.08
Serie A,2014,2015-05-03 14:00:00,Udinese,38,10,11,17,43,29,11.21,3.18,14.0,4.74,2.39,0.16,1.13,0.07
Bundesliga,2014,2015-05-02 14:30:00,Schalke 04,34,13,9,12,42,14,12.38,4.5,15.21,4.12,1.91,0.12,1.24,0.11
Bundesliga,2014,2015-05-02 14:30:00,VfB Stuttgart,34,9,9,16,42,28,12.09,4.06,14.82,5.44,1.74,0.15,1.24,0.1
La Liga,2014,2015-05-02 17:00:00,Athletic Club,38,15,10,13,42,20,11.66,3.79,13.92,5.5,2.53,0.11,1.11,0.09
La Liga,2014,2015-05-03 20:00:00,Malaga,38,14,8,16,42,20,12.13,4.29,14.68,5.29,2.66,0.21,1.11,0.1
Premier League,2014,2015-05-02 15:00:00,Queens Park Rangers,38,8,6,24,42,24,14.08,3.95,11.76,4.71,1.97,0.08,1.11,0.09
Ligue 1,2014,2015-05-02 16:00:00,Evian Thonon Gaillard,38,11,4,23,41,25,8.76,2.76,14.03,4.0,1.74,0.11,1.08,0.07
Ligue 1,2014,2015-05-02 19:00:00,Guingamp,38,15,4,19,41,25,9.45,3.66,12.53,3.92,1.53,0.18,1.08,0.09
Bundesliga,2014,2015-05-02 14:30:00,Hannover 96,34,9,10,15,40,25,11.26,4.24,16.71,5.32,2.12,0.15,1.18,0.11
Premier League,2014,2015-05-02 12:45:00,Newcastle United,38,10,9,19,40,27,12.32,3.76,11.39,5.84,1.74,0.18,1.05,0.09
Premier League,2014,2015-05-02 17:30:00,West Bromwich Albion,38,11,11,16,38,26,10.82,3.47,11.13,4.5,1.68,0.08,1.0,0.09
Serie A,2014,2015-05-03 14:00:00,Atalanta,38,7,16,15,38,33,12.13,3.45,16.55,5.08,2.71,0.24,1.0,0.09
Ligue 1,2014,2015-05-02 19:00:00,SC Bastia,38,12,11,15,37,18,8.39,3.13,14.92,3.47,2.0,0.13,0.97,0.08
Bundesliga,2014,2015-05-02 14:30:00,Freiburg,34,7,13,14,36,22,11.35,4.56,14.47,4.53,1.85,0.12,1.06,0.13
Bundesliga,2014,2015-05-03 16:30:00,Hertha Berlin,34,9,8,17,36,22,8.79,3.18,17.32,3.85,2.12,0.12,1.06,0.09
Serie A,2014,2015-05-03 14:00:00,Cesena,38,4,12,22,36,31,9.47,3.03,16.61,3.47,2.68,0.11,0.95,0.08
La Liga,2014,2015-05-04 19:45:00,Almeria,38,8,8,22,35,28,10.37,3.13,14.79,5.03,2.76,0.29,0.92,0.09
La Liga,2014,2015-05-02 21:00:00,Deportivo La Coruna,38,7,14,17,35,30,10.5,3.45,14.79,4.47,2.71,0.11,0.92,0.1
La Liga,2014,2015-05-03 20:00:00,Elche,38,11,8,19,35,31,10.71,3.34,15.37,4.39,2.68,0.16,0.92,0.1
Ligue 1,2014,2015-05-02 19:00:00,Rennes,38,13,11,14,35,22,9.61,3.39,12.68,3.89,1.45,0.03,0.92,0.1
Bundesliga,2014,2015-05-02 14:30:00,FC Cologne,34,9,13,12,34,17,10.79,3.74,12.38,4.18,1.41,0.06,1.0,0.11
La Liga,2014,2015-05-03 18:00:00,Eibar,38,9,8,21,34,29,9.32,3.18,14.97,4.05,2.71,0.13,0.89,0.09
La Liga,2014,2015-05-01 19:45:00,Levante,38,9,10,19,34,30,10.63,2.71,14.66,4.71,2.82,0.08,0.89,0.08
La Liga,2014,2015-05-03 16:00:00,Getafe,38,10,7,21,33,22,11.08,3.82,14.24,4.79,2.45,0.11,0.87,0.12
Premier League,2014,2015-05-04 20:00:00,Hull,38,8,11,19,33,24,11.29,3.45,11.87,4.45,1.87,0.16,0.87,0.1
Serie A,2014,2015-05-04 19:45:00,Parma Calcio 1913,38,6,8,24,33,27,11.0,2.89,17.34,4.0,2.58,0.21,0.87,0.09
Ligue 1,2014,2015-05-03 13:00:00,Lens,38,7,8,23,32,24,10.55,3.32,14.53,4.11,1.84,0.13,0.84,0.1
Bundesliga,2014,2015-05-02 14:30:00,Paderborn,34,7,10,17,31,31,13.41,4.09,14.24,5.18,1.5,0.09,0.91,0.13
Ligue 1,2014,2015-05-01 19:30:00,Metz,38,7,9,22,31,32,11.84,4.0,15.66,4.05,1.87,0.08,0.82,0.13
Premier League,2014,2015-05-02 15:00:00,Aston Villa,38,10,8,20,31,25,10.97,3.29,10.53,4.5,1.84,0.18,0.82,0.11
Premier League,2014,2015-05-02 15:00:00,Sunderland,38,7,17,14,31,27,10.74,3.42,11.45,4.87,2.47,0.05,0.82,0.11
La Liga,2014,2015-05-03 16:00:00,Granada,38,7,14,17,29,17,10.55,3.34,15.05,5.16,2.92,0.13,0.76,0.12
Ligue 1,2014,2015-05-03 20:00:00,Nantes,38,11,12,15,29,17,11.16,3.58,14.92,4.45,1.84,0.08,0.76,0.12
Premier League,2014,2015-05-02 15:00:00,Burnley,38,7,12,19,28,21,11.32,3.29,10.68,4.47,1.68,0.05,0.74,0.12
Serie A,2014,2015-05-03 14:00:00,Chievo,38,10,13,15,28,19,12.05,3.63,16.47,4.34,2.16,0.08,0.74,0.13
Bundesliga,2014,2015-05-03 14:30:00,Hamburger SV,34,9,8,17,25,18,10.82,3.32,18.18,3.65,2.44,0.15,0.74,0.13
La Liga,2014,2015-05-02 15:00:00,Cordoba,38,3,11,24,22,33,10.24,3.08,13.0,4.08,2.45,0.24,0.58,0.14
La Liga,2015,2015-08-23 20:30:00,Barcelona,38,29,4,5,112,14,15.92,7.0,10.05,5.84,1.74,0.03,2.95,0.06
La Liga,2015,2015-08-23 22:30:00,Real Madrid,38,28,6,4,110,16,18.71,7.61,11.11,6.76,1.79,0.13,2.89,0.07
Ligue 1,2015,2015-08-07 22:30:00,Paris Saint Germain,38,30,6,2,102,12,14.87,6.63,10.39,5.37,1.18,0.03,2.68,0.07
Serie A,2015,2015-08-22 20:00:00,Roma,38,23,11,4,83,17,15.32,5.66,14.0,6.21,2.08,0.13,2.18,0.07
Bundesliga,2015,2015-08-15 20:30:00,Borussia Dortmund,34,24,6,4,82,14,15.59,6.26,11.5,5.62,1.15,0.0,2.41,0.08
Bundesliga,2015,2015-08-14 22:30:00,Bayern Munich,34,28,4,2,80,8,18.44,7.74,11.18,6.71,1.29,0.03,2.35,0.1
Serie A,2015,2015-08-23 22:45:00,Napoli,38,25,7,6,80,12,17.26,6.39,11.61,5.89,1.79,0.05,2.11,0.08
Serie A,2015,2015-08-23 20:00:00,Juventus,38,29,4,5,75,6,15.76,5.66,15.03,5.58,2.37,0.16,1.97,0.08
Premier League,2015,2015-08-10 23:00:00,Manchester City,38,19,9,10,71,21,16.18,5.53,10.76,6.76,1.61,0.0,1.87,0.08
Premier League,2015,2015-08-08 15:45:00,Tottenham,38,19,13,6,69,15,17.32,6.58,11.89,6.68,1.89,0.0,1.82,0.1
Premier League,2015,2015-08-08 18:00:00,Leicester,38,23,12,3,68,18,13.74,4.71,10.66,5.18,1.26,0.08,1.79,0.07
Bundesliga,2015,2015-08-15 20:30:00,Borussia M.Gladbach,34,17,4,13,67,18,13.44,5.65,13.56,4.29,1.32,0.09,1.97,0.08
Ligue 1,2015,2015-08-09 23:00:00,Lyon,38,19,8,11,67,16,14.71,5.37,13.45,4.76,1.71,0.08,1.76,0.08
Premier League,2015,2015-08-09 16:30:00,Arsenal,38,20,11,7,65,11,15.05,5.55,9.21,5.97,1.03,0.11,1.71,0.09
Premier League,2015,2015-08-09 16:30:00,West Ham,38,16,14,8,65,26,14.68,4.89,10.03,5.89,1.47,0.13,1.71,0.08
La Liga,2015,2015-08-22 22:30:00,Atletico Madrid,38,28,4,6,63,7,12.53,4.37,13.29,5.45,2.32,0.08,1.66,0.07
Premier League,2015,2015-08-09 19:00:00,Liverpool,38,16,12,10,63,22,16.55,5.32,11.11,6.97,1.61,0.08,1.66,0.08
Serie A,2015,2015-08-23 22:45:00,Fiorentina,38,18,10,10,60,16,15.13,4.76,14.11,5.47,2.45,0.08,1.58,0.08
Premier League,2015,2015-08-08 20:30:00,Chelsea,38,12,14,12,59,30,13.84,4.55,10.74,6.32,1.53,0.16,1.55,0.08
Premier League,2015,2015-08-08 18:00:00,Everton,38,11,14,13,59,30,12.92,4.61,8.29,5.74,1.16,0.13,1.55,0.08
Premier League,2015,2015-08-09 16:30:00,Southampton,38,18,9,11,59,22,13.66,4.39,10.95,5.89,1.5,0.16,1.55,0.07
La Liga,2015,2015-08-23 20:30:00,Athletic Club,38,18,8,12,58,17,12.0,4.29,13.18,5.45,2.18,0.16,1.53,0.07
Ligue 1,2015,2015-08-08 23:00:00,Nice,38,18,9,11,58,16,10.21,4.18,11.87,4.45,1.74,0.16,1.53,0.07
Ligue 1,2015,2015-08-08 23:00:00,Monaco,38,17,14,7,57,19,11.16,4.45,14.34,5.39,2.21,0.11,1.5,0.08
Bundesliga,2015,2015-08-15 17:30:00,Bayer Leverkusen,34,18,6,10,56,17,14.32,5.47,15.44,6.38,1.91,0.12,1.65,0.1
La Liga,2015,2015-08-23 00:30:00,Rayo Vallecano,38,9,11,18,52,29,13.21,4.71,14.37,5.97,2.84,0.26,1.37,0.09
Ligue 1,2015,2015-08-08 23:00:00,Rennes,38,13,13,12,52,25,10.97,4.0,12.18,4.66,1.76,0.08,1.37,0.08
Serie A,2015,2015-08-22 22:45:00,Lazio,38,15,9,14,52,23,13.58,3.89,15.63,6.39,2.47,0.26,1.37,0.07
Serie A,2015,2015-08-23 22:45:00,Torino,38,12,9,17,52,25,12.37,4.61,17.26,4.76,2.5,0.08,1.37,0.09
Bundesliga,2015,2015-08-15 17:30:00,Schalke 04,34,15,7,12,51,24,14.32,4.79,14.88,5.0,1.88,0.03,1.5,0.09
La Liga,2015,2015-08-24 00:00:00,Celta Vigo,38,17,9,12,51,25,11.66,4.08,13.92,5.16,2.87,0.18,1.34,0.08
La Liga,2015,2015-08-21 22:30:00,Sevilla,38,14,10,14,51,21,12.08,4.74,14.66,6.66,2.5,0.21,1.34,0.09
Bundesliga,2015,2015-08-16 19:30:00,VfB Stuttgart,34,9,6,19,50,32,14.65,5.53,14.88,6.59,1.88,0.15,1.47,0.11
Bundesliga,2015,2015-08-15 17:30:00,Werder Bremen,34,10,8,16,50,30,13.44,4.47,15.29,4.35,2.26,0.06,1.47,0.09
Ligue 1,2015,2015-08-09 19:00:00,Bordeaux,38,12,14,12,50,20,11.55,3.76,12.92,5.0,2.11,0.18,1.32,0.08
Serie A,2015,2015-08-23 22:45:00,Inter,38,20,7,11,50,15,13.58,4.39,13.26,6.45,2.37,0.32,1.32,0.09
La Liga,2015,2015-08-24 22:30:00,Eibar,38,11,10,17,49,22,11.03,4.03,15.61,4.55,2.71,0.11,1.29,0.08
Ligue 1,2015,2015-08-08 23:00:00,Montpellier,38,14,7,17,49,23,10.39,3.82,12.53,4.89,1.68,0.05,1.29,0.08
Premier League,2015,2015-08-08 15:45:00,Manchester United,38,19,9,10,49,9,11.32,3.79,12.42,6.0,1.71,0.03,1.29,0.08
Serie A,2015,2015-08-23 22:45:00,AC Milan,38,15,12,11,49,22,14.42,4.55,15.39,6.05,2.42,0.08,1.29,0.09
Serie A,2015,2015-08-23 22:45:00,Sassuolo,38,16,13,9,49,20,12.82,4.0,15.03,5.32,2.37,0.18,1.29,0.08
Ligue 1,2015,2015-08-08 23:00:00,Marseille,38,10,18,10,48,24,12.55,4.82,13.45,5.89,1.87,0.24,1.26,0.1
Premier League,2015,2015-08-08 18:00:00,Sunderland,38,9,12,17,48,20,11.55,3.74,10.42,4.21,1.63,0.05,1.26,0.08
Serie A,2015,2015-08-23 22:45:00,Sampdoria,38,10,10,18,48,25,11.37,4.05,14.5,4.53,2.68,0.18,1.26,0.08
Bundesliga,2015,2015-08-16 17:30:00,Wolfsburg,34,12,9,13,47,17,14.47,5.71,13.44,4.94,1.62,0.09,1.38,0.12
Ligue 1,2015,2015-08-08 23:00:00,Guingamp,38,11,11,16,47,28,10.5,3.55,13.37,4.63,1.97,0.16,1.24,0.08
Ligue 1,2015,2015-08-09 23:00:00,Lorient,38,11,13,14,47,21,10.92,4.03,12.18,4.47,1.66,0.18,1.24,0.09
Bundesliga,2015,2015-08-15 17:30:00,Mainz 05,34,14,8,12,46,18,11.26,4.38,15.53,4.26,1.56,0.03,1.35,0.1
La Liga,2015,2015-08-24 22:30:00,Granada,38,10,9,19,46,31,11.34,3.45,15.39,3.89,3.5,0.18,1.21,0.08
La Liga,2015,2015-08-23 00:30:00,Valencia,38,11,11,16,46,23,10.5,3.61,14.89,4.87,2.66,0.18,1.21,0.08
La Liga,2015,2015-08-22 20:30:00,Deportivo La Coruna,38,8,18,12,45,34,11.97,4.13,10.55,5.03,2.11,0.11,1.18,0.09
La Liga,2015,2015-08-22 22:30:00,Las Palmas,38,12,8,18,45,17,11.03,4.29,12.26,3.95,2.5,0.11,1.18,0.1
La Liga,2015,2015-08-22 20:30:00,Real Sociedad,38,13,9,16,45,20,11.97,4.13,12.21,5.24,2.74,0.13,1.18,0.09
Ligue 1,2015,2015-08-09 19:00:00,Toulouse,38,9,13,16,45,21,11.29,4.16,14.03,4.5,1.87,0.26,1.18,0.09
Premier League,2015,2015-08-08 18:00:00,Bournemouth,38,11,9,18,45,34,12.21,3.74,9.53,5.82,1.37,0.03,1.18,0.08
Serie A,2015,2015-08-23 22:45:00,Genoa,38,13,7,18,45,19,12.34,3.92,16.63,5.18,2.16,0.24,1.18,0.09
La Liga,2015,2015-08-24 00:30:00,Villarreal,38,18,10,10,44,12,8.97,3.5,13.66,4.58,2.53,0.11,1.16,0.08
Ligue 1,2015,2015-08-09 19:00:00,Reims,38,10,9,19,44,23,11.47,4.18,13.63,4.63,2.11,0.16,1.16,0.1
Premier League,2015,2015-08-09 16:30:00,Newcastle United,38,9,10,19,44,24,10.45,3.97,10.89,4.16,1.53,0.13,1.16,0.09
Serie A,2015,2015-08-23 22:45:00,Chievo,38,13,11,14,43,18,11.18,3.39,16.63,4.11,2.74,0.11,1.13,0.08
Bundesliga,2015,2015-08-15 17:30:00,Augsburg,34,9,11,14,42,27,13.0,4.35,15.65,3.76,2.38,0.06,1.24,0.1
Bundesliga,2015,2015-08-15 17:30:00,Hertha Berlin,34,14,8,12,42,15,9.74,3.74,14.15,4.21,1.94,0.09,1.24,0.09
Ligue 1,2015,2015-08-09 19:00:00,Saint-Etienne,38,17,7,14,42,15,11.47,3.58,15.47,5.5,1.87,0.13,1.11,0.09
Premier League,2015,2015-08-08 20:30:00,Swansea,38,12,11,15,42,20,11.61,3.58,10.32,4.29,1.63,0.03,1.11,0.09
Premier League,2015,2015-08-09 19:00:00,Stoke,38,14,9,15,41,24,11.0,3.37,11.03,4.03,1.34,0.11,1.08,0.08
Serie A,2015,2015-08-23 22:45:00,Atalanta,38,11,12,15,41,21,11.95,3.61,16.74,5.0,2.5,0.37,1.08,0.09
Bundesliga,2015,2015-08-14 22:30:00,Hamburger SV,34,11,8,15,40,23,11.0,3.94,16.94,3.82,2.15,0.09,1.18,0.1
La Liga,2015,2015-08-22 20:30:00,Espanyol,38,12,7,19,40,28,10.32,3.87,17.18,4.71,3.16,0.13,1.05,0.1
La Liga,2015,2015-08-23 22:30:00,Sporting Gijon,38,10,9,19,40,28,9.79,3.18,13.79,4.39,2.58,0.16,1.05,0.08
Ligue 1,2015,2015-08-08 23:00:00,Angers,38,13,11,14,40,15,10.45,3.39,13.71,3.53,1.84,0.16,1.05,0.08
Premier League,2015,2015-08-08 18:00:00,Watford,38,12,9,17,40,19,11.74,3.68,12.11,4.37,1.95,0.08,1.05,0.09
Serie A,2015,2015-08-23 22:45:00,Empoli,38,12,10,16,40,20,12.63,3.87,13.34,4.45,2.42,0.16,1.05,0.1
Bundesliga,2015,2015-08-15 17:30:00,Hoffenheim,34,9,10,15,39,25,11.35,3.94,13.79,4.03,1.65,0.09,1.15,0.1
Ligue 1,2015,2015-08-08 23:00:00,Caen,38,16,6,16,39,23,12.39,4.63,12.18,5.18,1.37,0.16,1.03,0.12
Ligue 1,2015,2015-08-07 22:30:00,Lille,38,15,15,8,39,11,12.55,4.08,15.13,5.21,2.18,0.16,1.03,0.1
Premier League,2015,2015-08-08 18:00:00,Crystal Palace,38,11,9,18,39,23,12.34,4.0,12.24,5.76,1.58,0.03,1.03,0.1
Premier League,2015,2015-08-08 18:00:00,Norwich,38,9,7,22,39,30,11.0,3.39,10.97,4.95,1.61,0.08,1.03,0.09
Bundesliga,2015,2015-08-15 17:30:00,Darmstadt,34,9,11,14,38,29,10.21,3.38,16.38,3.44,2.53,0.03,1.12,0.09
Bundesliga,2015,2015-08-16 19:30:00,FC Cologne,34,10,13,11,38,18,12.24,4.82,12.82,4.76,1.62,0.06,1.12,0.13
La Liga,2015,2015-08-21 22:30:00,Malaga,38,12,12,14,38,15,11.89,4.39,14.53,5.08,2.71,0.13,1.0,0.12
Serie A,2015,2015-08-23 22:45:00,Palermo,38,10,9,19,38,30,10.82,3.24,16.34,4.32,2.53,0.16,1.0,0.09
La Liga,2015,2015-08-22 20:30:00,Getafe,38,9,9,20,37,20,11.5,3.89,13.97,4.82,3.21,0.16,0.97,0.11
La Liga,2015,2015-08-24 00:00:00,Levante,38,8,8,22,37,26,11.37,3.74,14.42,4.34,3.32,0.18,0.97,0.1
Ligue 1,2015,2015-08-08 23:00:00,GFC Ajaccio,38,8,13,17,37,32,11.61,3.18,15.18,4.03,2.34,0.16,0.97,0.09
Serie A,2015,2015-08-23 22:45:00,Carpi,38,9,11,18,37,26,11.32,3.53,16.68,4.68,2.76,0.16,0.97,0.1
Ligue 1,2015,2015-08-08 23:00:00,SC Bastia,38,14,8,16,36,14,8.74,2.89,13.95,3.45,2.16,0.26,0.95,0.08
Serie A,2015,2015-08-23 22:45:00,Frosinone,38,8,7,23,35,26,12.84,3.32,16.45,4.47,2.84,0.13,0.92,0.09
Serie A,2015,2015-08-23 20:00:00,Udinese,38,10,9,19,35,28,11.68,3.84,15.13,5.05,2.58,0.18,0.92,0.11
Bundesliga,2015,2015-08-16 17:30:00,Eintracht Frankfurt,34,9,9,16,34,24,10.74,3.94,15.21,4.74,2.74,0.09,1.0,0.12
La Liga,2015,2015-08-24 00:30:00,Real Betis,38,11,12,15,34,23,10.45,3.32,12.92,4.32,2.74,0.13,0.89,0.1
Premier League,2015,2015-08-10 23:00:00,West Bromwich Albion,38,10,13,15,34,26,10.24,2.79,10.32,4.95,1.66,0.08,0.89,0.08
Serie A,2015,2015-08-22 20:00:00,Verona,38,5,13,20,34,30,11.95,3.76,16.11,5.5,2.32,0.18,0.89,0.11
Bundesliga,2015,2015-08-15 17:30:00,Ingolstadt,34,10,10,14,33,18,12.53,3.82,15.47,4.21,2.32,0.06,0.97,0.12
Ligue 1,2015,2015-08-08 23:00:00,Nantes,38,12,12,14,33,20,11.32,3.5,15.74,4.68,2.08,0.13,0.87,0.11
Serie A,2015,2015-08-22 22:45:00,Bologna,38,11,9,18,33,21,10.13,2.97,14.08,4.84,2.32,0.18,0.87,0.09
Bundesliga,2015,2015-08-15 17:30:00,Hannover 96,34,7,4,23,31,30,11.21,3.68,15.29,4.44,1.94,0.0,0.91,0.12
Ligue 1,2015,2015-08-08 23:00:00,Troyes,38,3,9,26,28,36,11.76,4.0,11.42,5.42,1.87,0.24,0.74,0.14
Premier League,2015,2015-08-08 18:00:00,Aston Villa,38,3,8,27,27,35,10.0,2.89,11.34,4.39,1.97,0.08,0.71,0.11
La Liga,2016,2016-08-20 20:15:00,Barcelona,38,28,6,4,116,17,17.08,7.11,11.08,6.34,1.92,0.03,3.05,0.06
Ligue 1,2016,2016-08-12 22:30:00,Monaco,38,30,5,3,107,13,14.61,6.42,12.29,6.08,1.34,0.08,2.82,0.06
La Liga,2016,2016-08-21 22:15:00,Real Madrid,38,29,6,3,106,20,17.45,6.97,11.18,5.87,1.89,0.05,2.79,0.07
Serie A,2016,2016-08-21 22:45:00,Napoli,38,26,8,4,94,19,17.68,6.87,9.89,7.0,1.53,0.05,2.47,0.07
Serie A,2016,2016-08-20 20:00:00,Roma,38,28,3,7,90,18,17.79,6.18,12.16,6.82,1.68,0.03,2.37,0.07
Bundesliga,2016,2016-08-26 22:30:00,Bayern Munich,34,25,7,2,89,9,18.29,6.76,10.59,7.15,1.38,0.0,2.62,0.08
Premier League,2016,2016-08-13 18:00:00,Tottenham,38,26,8,4,86,9,17.61,6.76,11.37,7.18,1.63,0.0,2.26,0.08
Premier League,2016,2016-08-15 23:00:00,Chelsea,38,30,3,5,85,17,15.26,5.37,10.37,5.74,1.89,0.0,2.24,0.06
Ligue 1,2016,2016-08-12 22:00:00,Paris Saint Germain,38,27,6,5,83,7,15.37,5.89,10.61,7.0,1.32,0.08,2.18,0.07
Premier League,2016,2016-08-13 20:30:00,Manchester City,38,23,9,6,80,17,16.66,5.68,10.39,7.37,1.87,0.11,2.11,0.07
Premier League,2016,2016-08-14 19:00:00,Liverpool,38,22,10,6,78,18,16.79,6.21,10.45,6.55,1.42,0.0,2.05,0.08
Ligue 1,2016,2016-08-14 17:00:00,Lyon,37,20,4,13,77,26,15.49,5.62,13.54,6.73,1.65,0.14,2.08,0.07
Premier League,2016,2016-08-14 19:00:00,Arsenal,38,23,6,9,77,16,14.89,5.29,10.45,5.97,1.76,0.08,2.03,0.07
Serie A,2016,2016-08-20 22:45:00,Juventus,38,29,4,5,77,9,15.34,5.79,12.45,5.84,1.84,0.0,2.03,0.08
Serie A,2016,2016-08-21 22:45:00,Lazio,38,21,7,10,74,23,15.53,5.55,14.29,6.24,2.37,0.11,1.95,0.08
Bundesliga,2016,2016-08-27 17:30:00,Borussia Dortmund,34,18,10,6,72,12,15.62,5.97,12.15,6.12,1.62,0.06,2.12,0.08
Serie A,2016,2016-08-21 22:45:00,Inter,38,19,5,14,72,22,16.74,5.53,14.21,8.05,1.95,0.13,1.89,0.08
Serie A,2016,2016-08-21 20:00:00,Torino,38,13,14,11,71,31,15.13,4.82,15.45,5.79,2.11,0.11,1.87,0.07
La Liga,2016,2016-08-22 00:15:00,Atletico Madrid,38,23,9,6,70,14,13.26,5.21,13.11,5.34,2.11,0.08,1.84,0.07
La Liga,2016,2016-08-21 00:15:00,Sevilla,38,21,9,8,69,16,12.82,5.21,15.29,5.11,2.76,0.11,1.82,0.08
Bundesliga,2016,2016-08-28 19:30:00,RasenBallsport Leipzig,34,20,7,7,66,16,12.97,5.09,15.38,5.32,1.94,0.06,1.94,0.08
Bundesliga,2016,2016-08-28 19:30:00,Hoffenheim,34,16,14,4,64,14,14.56,5.32,15.12,4.24,1.85,0.03,1.88,0.08
Ligue 1,2016,2016-08-14 19:00:00,Nice,38,22,12,4,63,16,11.47,4.5,11.21,3.0,1.5,0.11,1.66,0.07
Serie A,2016,2016-08-20 22:45:00,Fiorentina,38,16,12,10,63,23,16.16,5.95,14.08,6.16,2.42,0.16,1.66,0.09
Premier League,2016,2016-08-13 18:00:00,Everton,38,17,10,11,62,16,13.21,5.03,12.08,5.16,1.87,0.05,1.63,0.08
Serie A,2016,2016-08-21 22:45:00,Atalanta,38,21,9,8,62,18,14.11,5.26,15.87,6.03,2.24,0.08,1.63,0.08
Bundesliga,2016,2016-08-26 22:30:00,Werder Bremen,34,13,6,15,61,24,11.09,4.53,14.0,3.76,1.97,0.06,1.79,0.07
Serie A,2016,2016-08-21 22:45:00,Sassuolo,38,14,7,17,60,26,11.66,4.45,13.63,5.79,2.37,0.05,1.58,0.07
La Liga,2016,2016-08-21 22:15:00,Real Sociedad,38,19,7,12,59,24,12.92,4.37,13.89,5.68,2.08,0.16,1.55,0.07
Ligue 1,2016,2016-08-14 22:45:00,Marseille,38,17,11,10,57,13,12.24,4.32,13.13,5.08,1.79,0.03,1.5,0.08
Serie A,2016,2016-08-21 20:00:00,AC Milan,38,18,9,11,57,20,14.61,5.0,13.71,6.37,2.13,0.32,1.5,0.09
La Liga,2016,2016-08-20 00:00:00,Eibar,38,15,9,14,56,21,11.89,4.71,13.55,5.13,2.39,0.18,1.47,0.08
La Liga,2016,2016-08-23 00:00:00,Valencia,38,13,7,18,56,32,11.87,4.5,14.47,4.71,2.84,0.16,1.47,0.08
La Liga,2016,2016-08-20 22:15:00,Villarreal,38,19,10,9,56,18,11.26,4.42,13.34,4.45,2.34,0.11,1.47,0.08
Premier League,2016,2016-08-14 16:30:00,Bournemouth,38,12,10,16,55,29,11.92,4.24,9.63,5.03,1.34,0.08,1.45,0.08
Serie A,2016,2016-08-21 22:45:00,Cagliari,38,14,5,19,55,34,11.24,4.58,14.66,3.79,2.55,0.18,1.45,0.08
Premier League,2016,2016-08-14 16:30:00,Manchester United,38,18,15,5,54,12,15.53,5.53,13.08,5.71,2.0,0.05,1.42,0.1
Bundesliga,2016,2016-08-27 20:30:00,Bayer Leverkusen,34,11,8,15,53,28,13.12,5.18,14.06,4.38,1.47,0.12,1.56,0.1
La Liga,2016,2016-08-21 20:15:00,Athletic Club,38,19,6,13,53,18,12.79,4.87,13.13,5.79,2.29,0.05,1.39,0.09
La Liga,2016,2016-08-22 22:00:00,Celta Vigo,38,13,6,19,53,32,10.63,3.92,13.5,3.37,2.58,0.21,1.39,0.07
La Liga,2016,2016-08-23 00:00:00,Las Palmas,38,10,9,19,53,25,11.55,4.82,12.26,4.71,2.58,0.16,1.39,0.09
Ligue 1,2016,2016-08-13 19:00:00,Bordeaux,38,15,14,9,53,19,11.84,4.08,11.63,4.24,1.68,0.13,1.39,0.08
Bundesliga,2016,2016-08-27 17:30:00,FC Cologne,34,12,13,9,51,17,10.53,3.5,14.0,3.65,2.12,0.03,1.5,0.07
Premier League,2016,2016-08-13 18:00:00,Crystal Palace,38,12,5,21,50,25,11.55,3.61,12.34,5.32,2.03,0.0,1.32,0.07
La Liga,2016,2016-08-21 00:15:00,Espanyol,38,15,11,12,49,24,9.03,3.37,14.92,3.63,2.11,0.05,1.29,0.07
La Liga,2016,2016-08-19 22:45:00,Malaga,38,12,10,16,49,25,12.89,4.39,14.39,5.39,2.84,0.18,1.29,0.09
Serie A,2016,2016-08-21 22:45:00,Sampdoria,38,12,12,14,49,23,13.26,4.39,13.45,5.13,1.92,0.11,1.29,0.09
Ligue 1,2016,2016-08-13 22:00:00,Montpellier,38,10,9,19,48,22,13.21,4.16,10.53,5.05,1.18,0.13,1.26,0.09
Premier League,2016,2016-08-13 15:30:00,Leicester,38,12,8,18,48,25,11.39,3.82,11.87,5.18,1.87,0.03,1.26,0.08
Premier League,2016,2016-08-15 23:00:00,West Ham,38,12,9,17,47,31,13.11,3.63,10.74,4.53,2.03,0.13,1.24,0.08
Serie A,2016,2016-08-20 20:00:00,Udinese,38,12,9,17,47,23,11.42,4.11,12.74,4.71,2.21,0.05,1.24,0.09
Ligue 1,2016,2016-08-13 22:00:00,Dijon,38,8,13,17,46,21,11.24,4.11,13.0,4.53,1.79,0.16,1.21,0.09
Ligue 1,2016,2016-08-12 22:30:00,Guingamp,38,14,8,16,46,13,11.71,4.37,13.03,5.21,1.5,0.11,1.21,0.1
Bundesliga,2016,2016-08-27 20:30:00,Borussia M.Gladbach,34,12,9,13,45,18,12.06,4.29,12.32,4.18,1.35,0.06,1.32,0.1
Bundesliga,2016,2016-08-27 17:30:00,Schalke 04,34,11,10,13,45,15,13.03,4.03,14.94,4.71,2.03,0.09,1.32,0.09
Premier League,2016,2016-08-13 18:00:00,Swansea,38,12,5,21,45,34,10.66,3.82,10.55,5.16,1.47,0.0,1.18,0.08
Bundesliga,2016,2016-08-27 17:30:00,Mainz 05,34,10,7,17,44,26,12.18,4.47,14.5,5.59,1.97,0.21,1.29,0.1
Ligue 1,2016,2016-08-13 22:00:00,Lorient,38,10,6,22,44,29,11.24,3.87,11.71,4.97,1.76,0.13,1.16,0.09
Bundesliga,2016,2016-08-28 17:30:00,Hertha Berlin,34,15,4,15,43,19,10.18,3.74,13.91,3.44,1.85,0.09,1.26,0.09
La Liga,2016,2016-08-20 00:00:00,Deportivo La Coruna,38,8,12,18,43,23,12.11,3.82,14.11,5.05,2.42,0.11,1.13,0.09
Premier League,2016,2016-08-13 18:00:00,West Bromwich Albion,38,12,9,17,43,22,10.47,3.24,11.82,4.16,2.11,0.0,1.13,0.08
Serie A,2016,2016-08-21 22:45:00,Chievo,38,12,7,19,43,30,10.76,3.39,14.61,3.87,2.16,0.11,1.13,0.08
Bundesliga,2016,2016-08-28 17:30:00,Freiburg,34,14,6,14,42,24,11.94,4.26,13.09,4.12,1.65,0.03,1.24,0.1
La Liga,2016,2016-08-21 20:15:00,Sporting Gijon,38,7,10,21,42,38,9.87,3.55,14.92,4.66,2.95,0.11,1.11,0.08
La Liga,2016,2016-08-22 00:15:00,Alaves,38,14,13,11,41,21,10.34,3.5,14.21,3.63,2.97,0.13,1.08,0.09
La Liga,2016,2016-08-20 20:15:00,Real Betis,38,10,9,19,41,24,11.63,3.97,15.11,4.45,2.68,0.13,1.08,0.1
Ligue 1,2016,2016-08-13 19:00:00,Saint-Etienne,38,12,14,12,41,18,10.63,3.34,12.71,4.79,1.37,0.18,1.08,0.08
Premier League,2016,2016-08-13 18:00:00,Southampton,38,12,10,16,41,21,14.47,4.71,11.16,5.26,1.53,0.05,1.08,0.11
Premier League,2016,2016-08-13 18:00:00,Stoke,38,11,11,16,41,24,11.18,3.61,11.42,4.95,1.84,0.05,1.08,0.09
La Liga,2016,2016-08-19 22:45:00,Osasuna,38,4,10,24,40,39,10.32,3.79,14.92,3.76,2.58,0.08,1.05,0.09
Ligue 1,2016,2016-08-13 22:00:00,Angers,38,13,7,18,40,17,13.92,4.66,11.45,5.13,1.53,0.13,1.05,0.12
Ligue 1,2016,2016-08-13 22:00:00,Lille,38,13,7,18,40,24,12.84,4.05,14.13,4.34,1.55,0.16,1.05,0.1
Ligue 1,2016,2016-08-13 22:00:00,Nantes,38,14,9,15,40,24,12.03,3.66,13.95,4.97,2.0,0.08,1.05,0.09
Premier League,2016,2016-08-13 18:00:00,Watford,38,11,7,20,40,29,11.11,3.76,13.61,4.32,2.18,0.13,1.05,0.09
Serie A,2016,2016-08-21 22:45:00,Bologna,38,11,8,19,40,25,11.08,3.82,12.79,4.11,2.21,0.29,1.05,0.1
Ligue 1,2016,2016-08-13 22:00:00,Metz,38,11,10,17,39,34,9.39,3.08,13.53,3.55,1.87,0.18,1.03,0.08
Premier League,2016,2016-08-13 18:00:00,Burnley,38,11,7,20,39,20,10.26,3.16,11.21,3.92,1.71,0.05,1.03,0.08
Serie A,2016,2016-08-21 22:45:00,Genoa,38,9,9,20,38,24,11.76,3.89,16.39,5.05,2.34,0.21,1.0,0.1
Ligue 1,2016,2016-08-14 22:45:00,Toulouse,38,10,14,14,37,18,10.03,3.47,14.84,4.03,2.29,0.11,0.97,0.09
Premier League,2016,2016-08-13 15:30:00,Hull,38,9,7,22,37,35,10.45,3.32,10.61,4.71,1.76,0.13,0.97,0.09
Bundesliga,2016,2016-08-27 17:30:00,Eintracht Frankfurt,34,11,9,14,36,18,11.26,3.65,15.82,4.41,2.41,0.18,1.06,0.1
Bundesliga,2016,2016-08-27 17:30:00,Ingolstadt,34,8,8,18,36,30,13.38,4.76,16.29,4.65,2.03,0.18,1.06,0.13
La Liga,2016,2016-08-22 22:00:00,Leganes,38,8,11,19,36,23,10.74,3.47,16.95,4.03,2.76,0.08,0.95,0.1
Ligue 1,2016,2016-08-13 22:00:00,Caen,38,10,7,21,36,37,12.18,3.66,11.53,4.45,1.55,0.05,0.95,0.1
Ligue 1,2016,2016-08-14 19:00:00,Rennes,38,12,14,12,36,15,11.5,3.89,12.16,4.16,1.47,0.11,0.95,0.11
Bundesliga,2016,2016-08-27 17:30:00,Augsburg,34,9,11,14,35,25,10.88,3.71,14.53,3.12,1.94,0.09,1.03,0.11
Serie A,2016,2016-08-21 22:45:00,Pescara,38,2,9,27,35,38,11.66,3.76,14.5,4.82,2.42,0.11,0.92,0.11
Bundesliga,2016,2016-08-27 17:30:00,Wolfsburg,34,10,7,17,34,25,12.71,4.18,15.09,4.94,1.91,0.09,1.0,0.12
Serie A,2016,2016-08-21 22:45:00,Crotone,38,9,7,22,34,25,10.66,3.42,15.39,4.11,2.29,0.11,0.89,0.1
Bundesliga,2016,2016-08-27 17:30:00,Hamburger SV,34,10,8,16,33,25,10.59,3.32,16.59,4.59,2.15,0.15,0.97,0.1
Serie A,2016,2016-08-21 22:45:00,Palermo,38,6,8,24,33,30,10.11,3.11,14.84,4.26,2.45,0.24,0.87,0.09
La Liga,2016,2016-08-20 22:15:00,Granada,38,4,8,26,30,32,10.08,3.29,14.55,3.89,2.87,0.16,0.79,0.11
Ligue 1,2016,2016-08-14 17:00:00,Nancy,38,9,8,21,29,23,9.92,2.87,13.08,4.34,2.0,0.13,0.76,0.1
Ligue 1,2016,2016-08-12 22:00:00,SC Bastia,37,8,10,19,29,14,10.27,3.22,12.35,4.43,1.86,0.38,0.78,0.11
Premier League,2016,2016-08-13 20:30:00,Sunderland,38,6,6,26,29,34,10.18,3.13,11.5,4.21,2.0,0.11,0.76,0.11
Serie A,2016,2016-08-21 22:45:00,Empoli,38,8,8,22,29,29,9.61,3.32,14.16,4.5,2.82,0.05,0.76,0.11
Bundesliga,2016,2016-08-27 17:30:00,Darmstadt,34,7,4,23,28,25,10.0,2.82,15.18,3.76,1.97,0.15,0.82,0.1
Premier League,2016,2016-08-13 18:00:00,Middlesbrough,38,5,13,20,27,23,9.21,2.63,12.58,3.71,2.0,0.03,0.71,0.1
Ligue 1,2017,2017-08-05 16:15:00,Paris Saint Germain,38,29,6,3,108,15,16.47,6.66,11.18,6.71,1.76,0.16,2.84,0.06
Premier League,2017,2017-08-12 17:30:00,Manchester City,38,32,4,2,106,14,17.45,6.95,9.05,7.47,1.53,0.05,2.79,0.07
La Liga,2017,2017-08-20 19:15:00,Barcelona,38,28,9,1,99,11,15.26,7.16,10.08,5.66,1.76,0.05,2.61,0.07
La Liga,2017,2017-08-20 21:15:00,Real Madrid,38,22,10,6,94,20,18.42,7.42,11.47,7.32,1.71,0.11,2.47,0.08
Bundesliga,2017,2017-08-18 19:30:00,Bayern Munich,34,27,3,4,92,15,17.68,6.97,10.24,6.56,1.24,0.0,2.71,0.08
Serie A,2017,2017-08-20 19:45:00,Lazio,38,21,9,8,89,21,14.47,5.55,11.45,5.71,2.03,0.16,2.34,0.06
Ligue 1,2017,2017-08-05 19:00:00,Lyon,38,23,9,6,87,18,15.24,6.08,12.45,4.79,1.87,0.05,2.29,0.07
Serie A,2017,2017-08-19 17:00:00,Juventus,38,30,5,3,86,8,14.61,5.45,11.18,4.89,1.74,0.03,2.26,0.06
Ligue 1,2017,2017-08-04 19:45:00,Monaco,38,24,8,6,85,17,12.89,4.79,13.37,5.13,1.87,0.11,2.24,0.06
Premier League,2017,2017-08-12 12:30:00,Liverpool,38,21,12,5,84,10,16.74,6.13,9.05,6.05,1.16,0.03,2.21,0.07
Ligue 1,2017,2017-08-06 20:00:00,Marseille,38,22,11,5,80,19,16.47,6.11,13.37,6.39,2.13,0.08,2.11,0.08
Serie A,2017,2017-08-19 19:45:00,Napoli,38,28,7,3,77,18,17.24,6.76,9.18,6.34,1.53,0.08,2.03,0.09
Premier League,2017,2017-08-11 19:45:00,Arsenal,38,19,6,13,74,20,15.58,6.16,10.08,5.92,1.5,0.05,1.95,0.08
Premier League,2017,2017-08-13 13:30:00,Tottenham,38,23,8,7,74,16,16.32,5.68,10.11,6.47,1.29,0.05,1.95,0.08
Premier League,2017,2017-08-13 16:00:00,Manchester United,38,25,6,7,68,9,13.47,4.68,10.63,5.79,1.68,0.03,1.79,0.07
Bundesliga,2017,2017-08-19 14:30:00,Hoffenheim,34,15,10,9,66,16,13.97,5.29,14.32,4.65,2.0,0.0,1.94,0.08
La Liga,2017,2017-08-19 17:15:00,Real Sociedad,38,14,7,17,66,29,13.58,4.42,11.05,6.16,1.58,0.13,1.74,0.07
Serie A,2017,2017-08-20 19:45:00,Inter,38,20,12,6,66,16,14.97,5.42,11.92,7.63,1.82,0.03,1.74,0.08
La Liga,2017,2017-08-18 21:15:00,Valencia,38,22,7,9,65,16,12.61,4.95,13.66,5.32,2.79,0.13,1.71,0.08
Bundesliga,2017,2017-08-19 14:30:00,Borussia Dortmund,34,15,10,9,64,21,14.26,5.18,11.53,4.76,1.21,0.09,1.88,0.08
Premier League,2017,2017-08-12 15:00:00,Chelsea,38,21,7,10,62,16,15.95,5.79,9.55,6.05,1.08,0.11,1.63,0.09
Serie A,2017,2017-08-20 17:00:00,Roma,38,23,8,7,61,19,17.03,5.47,10.42,6.92,1.26,0.11,1.61,0.09
La Liga,2017,2017-08-20 19:15:00,Real Betis,38,18,6,14,60,31,10.92,4.34,12.26,3.66,2.42,0.08,1.58,0.07
La Liga,2017,2017-08-19 17:15:00,Celta Vigo,38,13,10,15,59,23,11.68,4.26,11.29,4.03,2.26,0.03,1.55,0.07
Bundesliga,2017,2017-08-18 19:30:00,Bayer Leverkusen,34,15,10,9,58,19,15.0,5.06,12.88,5.03,1.71,0.12,1.71,0.09
La Liga,2017,2017-08-19 19:15:00,Atletico Madrid,38,23,10,5,58,8,10.63,4.18,14.16,4.39,2.53,0.13,1.53,0.07
Bundesliga,2017,2017-08-19 17:30:00,RasenBallsport Leipzig,34,15,8,11,57,26,14.32,5.24,12.5,4.91,1.41,0.18,1.68,0.09
La Liga,2017,2017-08-21 19:15:00,Villarreal,38,18,7,13,57,22,12.47,4.45,15.66,4.71,3.08,0.16,1.5,0.08
Serie A,2017,2017-08-20 17:00:00,Atalanta,38,16,12,10,57,18,15.16,5.24,12.92,6.03,1.76,0.11,1.5,0.09
Premier League,2017,2017-08-11 19:45:00,Leicester,38,12,11,15,56,22,11.05,3.89,9.61,5.34,1.37,0.13,1.47,0.07
Serie A,2017,2017-08-20 19:45:00,AC Milan,38,18,10,10,56,16,16.05,5.87,13.11,6.42,1.97,0.18,1.47,0.1
Serie A,2017,2017-08-20 19:45:00,Sampdoria,38,16,6,16,56,20,12.5,4.5,11.16,5.89,1.82,0.05,1.47,0.08
Ligue 1,2017,2017-08-06 20:00:00,Dijon,38,13,9,16,55,28,11.63,4.26,12.89,4.03,1.84,0.13,1.45,0.08
Serie A,2017,2017-08-20 19:45:00,Fiorentina,38,16,9,13,54,22,16.24,4.97,14.39,5.53,2.32,0.16,1.42,0.09
Serie A,2017,2017-08-20 19:45:00,Torino,38,13,15,10,54,18,11.84,4.11,14.87,4.55,2.05,0.11,1.42,0.08
Bundesliga,2017,2017-08-19 17:30:00,Schalke 04,34,18,9,7,53,15,11.91,4.94,15.65,4.12,1.82,0.06,1.56,0.09
Ligue 1,2017,2017-08-06 16:00:00,Bordeaux,38,16,7,15,53,23,12.42,4.05,13.97,4.71,1.95,0.08,1.39,0.08
Ligue 1,2017,2017-08-05 19:00:00,Nice,38,15,9,14,53,23,12.74,4.76,11.66,5.34,2.24,0.11,1.39,0.09
La Liga,2017,2017-08-19 19:15:00,Girona,38,14,9,15,50,22,12.0,4.11,16.18,4.63,2.74,0.0,1.32,0.08
Ligue 1,2017,2017-08-05 19:00:00,Rennes,38,16,10,12,50,22,12.32,3.87,12.79,5.74,1.74,0.13,1.32,0.08
La Liga,2017,2017-08-19 21:15:00,Sevilla,38,17,7,14,49,22,13.63,4.87,14.79,5.82,2.66,0.08,1.29,0.1
Ligue 1,2017,2017-08-05 19:00:00,Guingamp,38,12,11,15,48,24,11.82,4.39,13.11,5.0,1.76,0.05,1.26,0.09
Premier League,2017,2017-08-13 16:00:00,West Ham,38,10,12,16,48,26,9.79,3.5,9.97,4.24,1.89,0.05,1.26,0.07
Serie A,2017,2017-08-20 19:45:00,Udinese,38,12,4,22,48,30,11.58,3.63,13.92,4.66,1.89,0.11,1.26,0.08
Bundesliga,2017,2017-08-20 17:00:00,Borussia M.Gladbach,34,13,8,13,47,20,13.47,4.62,11.41,4.94,1.38,0.0,1.38,0.1
Ligue 1,2017,2017-08-05 19:00:00,Saint-Etienne,38,15,10,13,47,27,11.11,4.08,13.42,4.79,1.89,0.21,1.24,0.09
Bundesliga,2017,2017-08-20 14:30:00,Eintracht Frankfurt,34,14,7,13,45,19,11.38,4.32,15.0,4.62,2.12,0.06,1.32,0.1
Premier League,2017,2017-08-12 15:00:00,Bournemouth,38,11,11,16,45,30,12.24,4.18,8.92,5.74,1.45,0.03,1.18,0.09
Premier League,2017,2017-08-12 15:00:00,Crystal Palace,38,11,11,16,45,27,12.47,3.95,11.18,5.5,1.87,0.0,1.18,0.09
Bundesliga,2017,2017-08-19 14:30:00,Hannover 96,34,10,9,15,44,25,12.79,4.29,13.97,3.94,1.85,0.0,1.29,0.1
La Liga,2017,2017-08-21 21:00:00,Eibar,38,14,9,15,44,19,12.45,3.61,12.97,6.03,2.21,0.08,1.16,0.08
La Liga,2017,2017-08-21 19:15:00,Levante,38,11,13,14,44,28,10.76,3.29,14.55,4.79,2.89,0.18,1.16,0.07
Ligue 1,2017,2017-08-05 19:00:00,Strasbourg,38,9,11,18,44,27,11.87,3.53,13.68,4.82,1.87,0.11,1.16,0.08
Premier League,2017,2017-08-12 15:00:00,Everton,38,13,10,15,44,22,9.39,3.16,12.08,3.95,1.34,0.08,1.16,0.07
Premier League,2017,2017-08-12 12:30:00,Watford,38,11,8,19,44,31,11.5,3.47,11.61,4.84,1.66,0.11,1.16,0.08
Bundesliga,2017,2017-08-19 14:30:00,Augsburg,34,10,11,13,43,24,12.71,4.26,13.62,5.12,2.0,0.06,1.26,0.1
Bundesliga,2017,2017-08-19 14:30:00,Hertha Berlin,34,10,13,11,43,27,9.41,3.91,13.79,3.74,1.38,0.09,1.26,0.09
La Liga,2017,2017-08-20 17:15:00,Getafe,38,15,10,13,42,13,9.82,3.53,17.74,4.76,3.47,0.13,1.11,0.08
Ligue 1,2017,2017-08-06 16:00:00,Angers,38,9,14,15,42,28,12.16,4.11,12.92,4.45,1.87,0.08,1.11,0.1
La Liga,2017,2017-08-20 17:15:00,Athletic Club,38,10,13,15,41,16,11.34,4.08,13.84,5.0,2.45,0.0,1.08,0.1
Ligue 1,2017,2017-08-06 14:00:00,Lille,38,10,8,20,41,27,11.26,3.68,12.61,4.5,1.58,0.16,1.08,0.09
La Liga,2017,2017-08-18 19:15:00,Alaves,38,15,2,21,40,23,10.24,3.61,15.87,3.63,2.87,0.11,1.05,0.09
Serie A,2017,2017-08-20 19:45:00,Bologna,38,11,6,21,40,26,9.34,3.26,12.63,3.97,2.68,0.16,1.05,0.08
Serie A,2017,2017-08-20 19:45:00,Crotone,38,9,8,21,40,25,9.97,3.53,13.26,3.55,1.74,0.05,1.05,0.09
Premier League,2017,2017-08-13 13:30:00,Newcastle United,38,12,8,18,39,17,11.87,3.92,10.76,4.39,1.37,0.05,1.03,0.1
Serie A,2017,2017-08-20 19:45:00,SPAL 2013,38,8,14,16,39,29,9.82,3.08,12.53,4.61,2.68,0.11,1.03,0.08
Bundesliga,2017,2017-08-19 14:30:00,Mainz 05,34,9,9,16,38,21,12.18,4.29,14.85,4.35,1.85,0.09,1.12,0.11
La Liga,2017,2017-08-20 21:15:00,Deportivo La Coruna,38,6,11,21,38,33,12.21,3.66,13.32,5.34,2.66,0.05,1.0,0.1
Ligue 1,2017,2017-08-04 19:45:00,Toulouse,38,9,10,19,38,21,11.39,3.89,15.45,4.68,2.45,0.08,1.0,0.1
Bundesliga,2017,2017-08-19 14:30:00,Werder Bremen,34,10,12,12,37,17,12.76,4.53,14.97,5.32,1.62,0.0,1.09,0.12
Ligue 1,2017,2017-08-05 16:15:00,Amiens,38,12,9,17,37,19,9.47,2.66,13.24,3.68,1.95,0.11,0.97,0.07
Premier League,2017,2017-08-12 15:00:00,Southampton,38,7,15,16,37,26,11.79,3.82,10.95,5.97,1.66,0.05,0.97,0.1
Bundesliga,2017,2017-08-19 14:30:00,VfB Stuttgart,34,15,6,13,36,9,10.68,3.62,13.03,4.18,1.74,0.06,1.06,0.1
Bundesliga,2017,2017-08-19 14:30:00,Wolfsburg,34,6,15,13,36,25,10.29,3.47,12.59,3.85,1.82,0.18,1.06,0.1
La Liga,2017,2017-08-19 21:15:00,Espanyol,38,12,13,13,36,16,10.84,3.61,13.68,4.21,2.34,0.03,0.95,0.1
Ligue 1,2017,2017-08-05 19:00:00,Montpellier,38,11,18,9,36,19,13.0,4.18,11.68,4.87,1.89,0.05,0.95,0.12
Ligue 1,2017,2017-08-06 14:00:00,Nantes,38,14,10,14,36,17,13.13,3.58,12.89,4.63,1.79,0.16,0.95,0.1
Premier League,2017,2017-08-12 15:00:00,Burnley,38,14,12,12,36,17,9.87,3.34,9.21,4.39,1.71,0.0,0.95,0.09
Serie A,2017,2017-08-20 19:45:00,Chievo,38,10,10,18,36,24,10.24,3.53,12.61,3.87,1.97,0.11,0.95,0.1
Bundesliga,2017,2017-08-20 17:00:00,FC Cologne,34,5,7,22,35,30,11.32,3.41,13.53,5.09,1.94,0.03,1.03,0.1
Premier League,2017,2017-08-12 15:00:00,Stoke,38,7,12,19,35,30,10.05,3.45,11.47,3.58,1.63,0.03,0.92,0.1
La Liga,2017,2017-08-18 19:15:00,Leganes,38,12,7,19,34,19,10.39,3.45,15.47,4.0,2.76,0.13,0.89,0.1
Ligue 1,2017,2017-08-05 19:00:00,Metz,38,6,8,24,34,37,11.29,4.24,13.97,4.55,2.11,0.18,0.89,0.12
Premier League,2017,2017-08-12 17:30:00,Brighton,38,9,13,16,34,25,10.05,3.13,10.87,4.29,1.42,0.05,0.89,0.09
Serie A,2017,2017-08-20 19:45:00,Benevento,38,6,3,29,33,40,12.34,3.87,12.89,4.34,2.05,0.18,0.87,0.12
Serie A,2017,2017-08-19 17:00:00,Cagliari,38,11,6,21,33,30,9.97,3.18,15.97,4.71,2.53,0.16,0.87,0.1
Serie A,2017,2017-08-20 19:45:00,Genoa,38,11,8,19,33,27,10.92,3.29,14.74,4.82,2.0,0.13,0.87,0.1
Bundesliga,2017,2017-08-20 14:30:00,Freiburg,34,8,12,14,32,17,11.21,3.47,12.71,3.74,1.59,0.15,0.94,0.11
Ligue 1,2017,2017-08-05 19:00:00,Troyes,38,9,6,23,32,22,9.45,3.26,13.05,4.34,2.0,0.18,0.84,0.1
Premier League,2017,2017-08-12 15:00:00,West Bromwich Albion,38,6,13,19,31,29,9.79,3.0,11.58,4.63,1.89,0.03,0.82,0.1
Serie A,2017,2017-08-19 19:45:00,Verona,38,7,4,27,30,35,9.45,2.58,13.66,3.76,2.53,0.16,0.79,0.09
Bundesliga,2017,2017-08-19 14:30:00,Hamburger SV,34,8,7,19,29,19,11.62,4.06,13.91,5.97,1.76,0.12,0.85,0.14
Serie A,2017,2017-08-20 19:45:00,Sassuolo,38,11,10,17,29,22,13.05,3.79,12.71,5.16,2.34,0.18,0.76,0.13
Premier League,2017,2017-08-12 15:00:00,Huddersfield,38,9,10,19,28,25,9.47,2.89,10.42,4.34,1.61,0.08,0.74,0.1
Premier League,2017,2017-08-12 15:00:00,Swansea,38,8,9,21,28,24,8.76,2.71,9.92,3.95,1.34,0.03,0.74,0.1
Ligue 1,2017,2017-08-05 19:00:00,Caen,38,10,8,20,27,19,12.05,3.39,13.74,5.32,1.79,0.11,0.71,0.13
La Liga,2017,2017-08-18 21:15:00,Las Palmas,38,5,7,26,24,38,10.84,3.37,12.68,4.61,2.34,0.08,0.63,0.14
La Liga,2017,2017-08-21 21:00:00,Malaga,38,5,5,28,24,27,10.53,3.0,16.13,4.0,2.63,0.21,0.63,0.13
Ligue 1,2018,2018-08-12 22:00:00,Paris Saint Germain,38,29,4,5,105,10,14.84,6.05,12.37,6.26,1.68,0.11,2.76,0.06
Premier League,2018,2018-08-12 18:00:00,Manchester City,38,32,2,4,95,12,17.97,6.84,8.63,7.55,1.16,0.03,2.5,0.07
La Liga,2018,2018-08-18 23:15:00,Barcelona,38,26,9,3,90,17,14.79,6.68,10.71,5.42,2.03,0.05,2.37,0.07
Premier League,2018,2018-08-12 15:30:00,Liverpool,38,30,7,1,89,10,15.13,5.95,8.29,6.55,0.97,0.05,2.34,0.07
Bundesliga,2018,2018-08-24 21:30:00,Bayern Munich,34,24,6,4,88,14,18.68,7.5,8.18,8.44,1.29,0.06,2.59,0.09
Bundesliga,2018,2018-08-26 19:00:00,Borussia Dortmund,34,23,7,4,81,25,13.18,5.41,8.21,4.94,1.18,0.09,2.38,0.07
Serie A,2018,2018-08-20 21:30:00,Atalanta,38,20,9,9,77,19,16.87,5.84,11.29,6.37,1.61,0.08,2.03,0.08
Serie A,2018,2018-08-18 21:30:00,Napoli,38,24,7,7,74,16,18.55,6.21,10.53,6.71,1.97,0.13,1.95,0.08
Premier League,2018,2018-08-12 18:00:00,Arsenal,38,21,7,10,73,16,12.29,4.5,10.84,5.58,1.89,0.05,1.92,0.06
Bundesliga,2018,2018-08-24 21:30:00,Hoffenheim,34,13,12,9,70,20,18.03,6.62,13.26,5.35,2.03,0.06,2.06,0.09
Ligue 1,2018,2018-08-12 16:00:00,Lyon,38,21,9,8,70,19,17.68,6.63,11.63,5.97,1.5,0.08,1.84,0.09
Serie A,2018,2018-08-18 19:00:00,Juventus,38,28,6,4,70,13,16.03,5.26,11.97,6.42,2.0,0.11,1.84,0.08
Bundesliga,2018,2018-08-25 19:30:00,Bayer Leverkusen,34,18,4,12,69,25,15.18,5.82,10.26,5.56,1.47,0.03,2.03,0.08
Ligue 1,2018,2018-08-11 21:00:00,Lille,38,22,9,7,68,11,13.08,5.16,12.58,4.32,1.82,0.11,1.79,0.08
Premier League,2018,2018-08-11 14:30:00,Tottenham,38,23,2,13,67,16,14.13,4.97,9.87,5.11,1.47,0.08,1.76,0.07
Serie A,2018,2018-08-19 19:00:00,Roma,38,18,12,8,66,26,16.32,5.74,11.92,5.97,2.37,0.05,1.74,0.09
Premier League,2018,2018-08-10 22:00:00,Manchester United,38,19,9,10,65,25,13.84,5.92,11.39,5.26,1.92,0.11,1.71,0.09
Bundesliga,2018,2018-08-26 19:00:00,RasenBallsport Leipzig,34,19,9,6,63,9,14.62,5.35,13.0,5.59,1.79,0.03,1.85,0.08
La Liga,2018,2018-08-19 23:15:00,Real Madrid,38,21,5,12,63,15,15.63,5.68,11.68,5.82,2.18,0.16,1.66,0.09
Premier League,2018,2018-08-11 17:00:00,Chelsea,38,21,9,8,63,12,15.95,5.21,8.92,5.66,1.29,0.0,1.66,0.08
Bundesliga,2018,2018-08-25 16:30:00,Wolfsburg,34,16,7,11,62,23,12.47,4.88,10.0,5.15,1.82,0.0,1.82,0.08
La Liga,2018,2018-08-19 21:15:00,Sevilla,38,17,8,13,62,20,13.92,4.68,14.11,5.87,3.11,0.16,1.63,0.08
Bundesliga,2018,2018-08-25 16:30:00,Eintracht Frankfurt,34,15,9,10,60,21,12.32,4.53,11.44,5.26,1.76,0.09,1.76,0.08
Ligue 1,2018,2018-08-10 21:45:00,Marseille,38,18,7,13,60,17,13.89,4.47,13.08,5.92,2.18,0.21,1.58,0.07
Serie A,2018,2018-09-19 17:00:00,Sampdoria,38,15,8,15,60,16,12.79,4.71,12.53,4.42,2.42,0.08,1.58,0.08
La Liga,2018,2018-08-17 23:15:00,Levante,38,11,11,16,59,34,11.58,4.18,13.18,5.32,2.95,0.18,1.55,0.07
Ligue 1,2018,2018-08-11 21:00:00,Saint-Etienne,38,19,9,10,59,14,13.05,4.68,11.97,5.89,1.76,0.18,1.55,0.08
Bundesliga,2018,2018-08-25 16:30:00,Werder Bremen,34,14,11,9,58,26,13.82,5.21,11.91,4.94,1.88,0.09,1.71,0.09
Ligue 1,2018,2018-08-12 18:00:00,Strasbourg,38,11,16,11,58,25,10.63,4.13,13.47,4.16,1.82,0.11,1.53,0.07
Ligue 1,2018,2018-08-11 21:00:00,Nimes,38,15,8,15,57,20,13.68,4.74,12.82,5.32,1.84,0.13,1.5,0.08
Serie A,2018,2018-08-19 21:30:00,Inter,38,20,9,9,57,10,16.76,5.26,12.03,7.95,1.97,0.08,1.5,0.09
Premier League,2018,2018-08-11 17:00:00,Bournemouth,38,13,6,19,56,25,11.74,4.26,8.92,5.03,1.58,0.03,1.47,0.08
Serie A,2018,2018-08-18 21:30:00,Lazio,38,17,8,13,56,25,16.08,5.05,13.03,5.95,2.37,0.11,1.47,0.09
Bundesliga,2018,2018-08-25 19:30:00,Borussia M.Gladbach,34,16,7,11,55,22,13.44,4.65,9.12,5.56,1.26,0.0,1.62,0.08
La Liga,2018,2018-08-20 21:00:00,Atletico Madrid,38,22,10,6,55,10,11.66,4.18,12.53,5.71,2.71,0.13,1.45,0.08
Ligue 1,2018,2018-08-11 21:00:00,Rennes,38,13,13,12,55,18,12.37,4.18,12.82,5.03,1.84,0.08,1.45,0.08
Serie A,2018,2018-10-31 18:30:00,AC Milan,38,19,11,8,55,17,15.42,5.21,11.68,6.05,2.18,0.13,1.45,0.09
Premier League,2018,2018-08-11 19:30:00,Everton,38,15,9,14,54,21,13.05,4.45,11.37,5.66,1.45,0.11,1.42,0.08
La Liga,2018,2018-08-18 19:15:00,Celta Vigo,38,10,11,17,53,25,11.87,4.24,12.05,4.29,2.21,0.16,1.39,0.08
Ligue 1,2018,2018-08-11 21:00:00,Montpellier,38,15,14,9,53,20,13.34,4.53,14.13,4.5,1.61,0.11,1.39,0.09
Serie A,2018,2018-08-19 21:30:00,Sassuolo,38,9,16,13,53,33,13.45,4.13,13.42,4.87,2.29,0.21,1.39,0.08
Premier League,2018,2018-08-11 17:00:00,Watford,38,14,8,16,52,28,11.47,4.0,11.39,4.66,2.03,0.11,1.37,0.08
Premier League,2018,2018-08-12 15:30:00,West Ham,38,15,7,16,52,27,11.61,4.13,8.71,4.92,1.55,0.03,1.37,0.08
Serie A,2018,2018-08-19 19:00:00,Torino,38,16,15,7,52,19,13.66,4.76,15.84,4.82,2.37,0.11,1.37,0.09
Bundesliga,2018,2018-08-25 16:30:00,Augsburg,34,8,8,18,51,33,13.35,4.85,12.91,4.18,1.62,0.03,1.5,0.1
La Liga,2018,2018-08-20 21:00:00,Valencia,38,15,16,7,51,12,12.58,4.37,12.18,5.16,2.37,0.08,1.34,0.09
Premier League,2018,2018-08-11 17:00:00,Crystal Palace,38,14,7,17,51,23,12.97,3.89,10.16,5.39,1.53,0.05,1.34,0.08
Premier League,2018,2018-08-10 22:00:00,Leicester,38,15,7,16,51,20,13.55,4.84,9.24,5.53,1.5,0.13,1.34,0.09
Serie A,2018,2018-08-19 21:30:00,Empoli,38,10,8,20,51,30,12.05,4.05,11.68,4.95,1.95,0.08,1.34,0.08
Bundesliga,2018,2018-08-25 16:30:00,Fortuna Duesseldorf,34,13,5,16,49,28,12.26,4.74,12.12,4.24,1.97,0.03,1.44,0.1
Bundesliga,2018,2018-08-25 16:30:00,Hertha Berlin,34,11,10,13,49,27,11.91,4.41,12.29,4.32,1.97,0.15,1.44,0.09
La Liga,2018,2018-08-18 21:15:00,Villarreal,38,10,14,14,49,26,13.0,4.61,13.66,4.42,3.11,0.08,1.29,0.09
La Liga,2018,2018-08-18 19:15:00,Espanyol,38,14,11,13,48,22,12.39,4.21,13.95,4.61,2.42,0.05,1.26,0.09
La Liga,2018,2018-08-19 23:15:00,Getafe,38,15,14,9,48,13,10.58,3.42,16.87,4.16,2.95,0.18,1.26,0.07
Ligue 1,2018,2018-08-11 18:00:00,Nantes,38,13,9,16,48,24,13.61,3.97,12.95,4.79,1.89,0.13,1.26,0.08
Serie A,2018,2018-08-19 21:30:00,Bologna,38,11,11,16,48,22,13.11,4.34,13.32,5.45,2.42,0.16,1.26,0.09
Premier League,2018,2018-08-11 19:30:00,Wolverhampton Wanderers,38,16,9,13,47,21,12.53,4.0,10.76,5.13,1.89,0.03,1.24,0.09
Serie A,2018,2018-09-19 17:00:00,Fiorentina,38,8,17,13,47,19,15.37,4.76,14.26,6.21,2.39,0.13,1.24,0.1
Bundesliga,2018,2018-08-25 16:30:00,Freiburg,34,8,12,14,46,27,12.5,4.79,11.38,4.44,1.65,0.09,1.35,0.1
Bundesliga,2018,2018-08-26 16:30:00,Mainz 05,34,12,7,15,46,22,14.65,4.44,11.88,4.41,1.68,0.0,1.35,0.1
La Liga,2018,2018-08-19 19:15:00,Eibar,38,11,14,13,46,21,13.89,4.11,13.55,5.89,2.18,0.05,1.21,0.09
La Liga,2018,2018-08-18 21:15:00,Real Sociedad,38,13,11,14,45,20,11.24,3.82,12.92,4.68,2.16,0.11,1.18,0.08
Premier League,2018,2018-08-12 15:30:00,Burnley,38,11,7,20,45,32,9.45,3.05,9.45,3.68,1.97,0.03,1.18,0.07
Premier League,2018,2018-08-12 15:30:00,Southampton,38,9,12,17,45,30,12.76,4.26,11.05,5.08,1.87,0.08,1.18,0.09
La Liga,2018,2018-08-17 23:15:00,Real Betis,38,14,8,16,44,26,11.66,4.42,11.47,4.89,2.34,0.03,1.16,0.1
Ligue 1,2018,2018-08-11 21:00:00,Angers,38,10,16,12,44,22,11.95,4.08,11.74,4.37,1.29,0.11,1.16,0.09
Serie A,2018,2018-08-19 21:30:00,SPAL 2013,38,11,9,18,44,26,12.18,3.63,12.74,5.16,2.97,0.08,1.16,0.08
La Liga,2018,2018-08-19 19:15:00,SD Huesca,38,7,12,19,43,30,12.45,3.92,15.26,4.45,3.0,0.08,1.13,0.09
Premier League,2018,2018-08-11 14:30:00,Newcastle United,38,12,9,17,42,25,11.71,3.74,11.11,4.76,1.5,0.05,1.11,0.09
La Liga,2018,2018-08-20 23:00:00,Athletic Club,38,13,14,11,41,19,10.18,3.68,15.29,4.03,3.16,0.13,1.08,0.09
La Liga,2018,2018-08-19 21:15:00,Rayo Vallecano,38,8,8,22,41,32,12.05,4.0,14.92,4.89,2.79,0.21,1.08,0.1
Serie A,2018,2018-08-19 21:30:00,Parma Calcio 1913,38,10,11,17,41,25,9.32,2.92,12.82,3.79,2.21,0.08,1.08,0.07
La Liga,2018,2018-08-18 23:15:00,Alaves,38,13,11,14,39,19,11.32,3.21,14.42,3.82,2.66,0.03,1.03,0.08
Ligue 1,2018,2018-08-11 21:00:00,Reims,38,13,16,9,39,18,10.68,3.63,13.95,4.32,1.76,0.05,1.03,0.09
Serie A,2018,2018-10-31 18:30:00,Genoa,38,8,14,16,39,22,14.03,4.0,14.34,4.89,2.53,0.18,1.03,0.1
Serie A,2018,2018-08-19 21:30:00,Udinese,38,11,10,17,39,22,12.18,3.42,12.95,4.32,2.42,0.11,1.03,0.09
Ligue 1,2018,2018-08-11 18:00:00,Monaco,38,8,12,18,38,29,12.32,4.18,13.84,5.13,2.42,0.18,1.0,0.11
Bundesliga,2018,2018-08-25 16:30:00,Schalke 04,34,8,9,17,37,28,12.26,3.88,12.41,4.56,2.15,0.15,1.09,0.1
La Liga,2018,2018-08-17 21:15:00,Girona,38,9,10,19,37,28,10.55,3.89,14.11,3.58,2.18,0.11,0.97,0.11
La Liga,2018,2018-08-20 23:00:00,Leganes,38,11,12,15,37,16,11.05,3.5,14.24,3.66,2.79,0.11,0.97,0.09
Serie A,2018,2018-08-19 21:30:00,Cagliari,38,10,11,17,36,20,11.42,3.34,14.97,5.0,2.5,0.24,0.95,0.09
Ligue 1,2018,2018-08-10 21:45:00,Toulouse,38,8,14,16,35,26,11.42,3.5,14.74,4.18,2.05,0.13,0.92,0.1
Premier League,2018,2018-08-11 17:00:00,Brighton,38,9,9,20,35,28,9.76,2.84,12.18,4.11,1.58,0.11,0.92,0.08
Ligue 1,2018,2018-08-12 18:00:00,Bordeaux,38,10,11,17,34,21,11.26,3.61,14.13,4.42,1.95,0.13,0.89,0.11
Premier League,2018,2018-08-11 17:00:00,Cardiff,38,10,4,24,34,38,10.97,3.32,10.11,4.42,1.71,0.03,0.89,0.1
Premier League,2018,2018-08-11 17:00:00,Fulham,38,7,5,26,34,36,11.95,3.84,11.13,4.24,1.79,0.05,0.89,0.11
Bundesliga,2018,2018-08-26 16:30:00,VfB Stuttgart,34,7,7,20,32,27,12.0,3.38,10.29,5.0,1.94,0.15,0.94,0.11
La Liga,2018,2018-08-17 21:15:00,Real Valladolid,38,10,11,17,32,26,10.84,3.5,13.71,5.29,2.42,0.0,0.84,0.11
Bundesliga,2018,2018-08-25 16:30:00,Hannover 96,34,5,6,23,31,26,11.21,3.5,11.65,4.21,1.88,0.12,0.91,0.11
Ligue 1,2018,2018-08-12 16:00:00,Amiens,38,9,11,18,31,22,10.18,3.08,13.63,3.58,1.63,0.16,0.82,0.1
Ligue 1,2018,2018-08-11 21:00:00,Dijon,38,9,7,22,31,29,11.87,3.79,15.03,4.42,2.08,0.18,0.82,0.12
Ligue 1,2018,2018-08-11 21:00:00,Nice,38,15,11,12,30,14,11.55,3.45,11.16,4.53,1.92,0.13,0.79,0.12
Ligue 1,2018,2018-08-12 22:00:00,Caen,38,7,12,19,29,27,8.82,2.55,14.76,3.34,2.16,0.16,0.76,0.09
Serie A,2018,2018-08-20 21:30:00,Frosinone,38,5,10,23,29,38,11.97,3.29,14.55,4.21,2.68,0.05,0.76,0.11
Ligue 1,2018,2018-08-11 21:00:00,Guingamp,38,5,12,21,28,27,10.92,3.03,12.76,5.11,1.53,0.13,0.74,0.11
Bundesliga,2018,2018-08-25 16:30:00,Nuernberg,34,3,10,21,26,22,10.62,3.06,11.06,4.44,1.74,0.12,0.76,0.12
Serie A,2018,2018-08-18 19:00:00,Chievo,38,2,14,22,25,37,10.24,3.11,15.11,3.45,2.87,0.18,0.66,0.12
Premier League,2018,2018-08-11 17:00:00,Huddersfield,38,3,7,28,22,31,10.55,3.11,11.05,4.26,1.45,0.11,0.58,0.14
Premier League,2019,2019-08-10 12:30:00,Manchester City,38,26,3,9,102,13,19.61,7.0,9.5,7.84,1.58,0.11,2.68,0.07
Bundesliga,2019,2019-08-16 19:30:00,Bayern Munich,34,26,4,4,100,15,18.09,7.47,9.18,7.06,1.59,0.09,2.94,0.07
Serie A,2019,2019-08-25 19:45:00,Atalanta,38,23,9,6,98,26,18.66,7.05,13.89,6.53,2.11,0.05,2.58,0.07
La Liga,2019,2019-08-16 20:00:00,Barcelona,38,25,7,6,86,16,13.0,5.87,10.95,4.87,2.42,0.16,2.26,0.07
Premier League,2019,2019-08-09 20:00:00,Liverpool,38,32,3,3,85,16,15.55,6.08,8.71,6.79,1.0,0.03,2.24,0.07
Bundesliga,2019,2019-08-17 14:30:00,Borussia Dortmund,34,21,6,7,84,17,13.09,5.68,8.68,5.59,1.44,0.03,2.47,0.07
Bundesliga,2019,2019-08-18 17:00:00,RasenBallsport Leipzig,34,18,12,4,81,21,16.24,6.44,10.41,5.5,1.56,0.09,2.38,0.08
Serie A,2019,2019-08-26 19:45:00,Inter,38,24,10,4,81,17,16.26,6.05,14.74,6.18,2.79,0.18,2.13,0.07
Serie A,2019,2019-08-25 19:45:00,Lazio,38,24,6,8,79,17,15.29,5.92,12.03,5.74,2.66,0.05,2.08,0.07
Serie A,2019,2019-08-25 19:45:00,Roma,38,21,7,10,77,27,16.97,5.74,14.05,7.03,2.95,0.18,2.03,0.07
Serie A,2019,2019-08-24 17:00:00,Juventus,38,26,5,7,76,17,17.87,6.39,13.18,6.18,2.29,0.08,2.0,0.08
Ligue 1,2019,2019-08-11 20:00:00,Paris Saint Germain,27,22,2,3,75,11,16.59,7.22,12.3,6.7,1.96,0.04,2.78,0.1
La Liga,2019,2019-08-17 16:00:00,Real Madrid,38,26,9,3,70,11,14.82,6.21,12.79,5.05,2.16,0.11,1.84,0.09
Premier League,2019,2019-08-11 16:30:00,Chelsea,38,20,6,12,69,16,16.45,5.87,10.16,6.5,1.58,0.0,1.82,0.09
Serie A,2019,2019-08-25 19:45:00,Sassuolo,38,14,9,15,69,33,14.42,5.21,13.13,5.42,2.63,0.05,1.82,0.08
Premier League,2019,2019-08-11 14:00:00,Leicester,38,18,8,12,67,17,14.21,5.03,11.0,5.84,1.08,0.08,1.76,0.08
Bundesliga,2019,2019-08-17 17:30:00,Borussia M.Gladbach,34,20,5,9,66,21,14.12,5.85,11.71,5.06,2.32,0.09,1.94,0.09
Premier League,2019,2019-08-11 16:30:00,Manchester United,38,18,12,8,66,17,14.32,5.68,11.39,5.37,1.89,0.0,1.74,0.09
La Liga,2019,2019-08-17 20:00:00,Villarreal,38,18,6,14,63,25,13.0,4.55,12.71,3.89,2.05,0.03,1.66,0.07
Serie A,2019,2019-08-25 17:00:00,AC Milan,38,19,9,10,63,20,16.29,5.21,14.32,5.45,2.61,0.16,1.66,0.08
Bundesliga,2019,2019-08-17 14:30:00,Bayer Leverkusen,34,19,6,9,61,22,14.5,5.5,10.94,6.32,1.79,0.18,1.79,0.09
Premier League,2019,2019-08-10 17:30:00,Tottenham,38,16,11,11,61,17,11.68,4.21,11.13,5.26,2.16,0.08,1.61,0.07
Serie A,2019,2019-08-24 19:45:00,Napoli,38,18,8,12,61,24,18.05,6.11,11.13,5.84,1.95,0.05,1.61,0.1
Bundesliga,2019,2019-08-18 14:30:00,Eintracht Frankfurt,34,13,6,15,59,27,14.76,5.15,12.09,6.26,2.12,0.12,1.74,0.09
La Liga,2019,2019-08-17 18:00:00,Real Sociedad,38,16,8,14,56,20,11.29,3.84,13.18,4.76,2.11,0.05,1.47,0.07
Premier League,2019,2019-08-11 14:00:00,Arsenal,38,14,14,10,56,24,10.68,3.97,11.08,6.08,2.26,0.13,1.47,0.07
Serie A,2019,2019-08-24 17:00:00,Parma Calcio 1913,38,14,7,17,56,24,12.18,4.05,13.58,4.37,2.18,0.03,1.47,0.07
La Liga,2019,2019-08-18 18:00:00,Sevilla,38,19,13,6,54,14,12.89,4.58,13.74,5.95,2.58,0.03,1.42,0.08
Bundesliga,2019,2019-08-18 14:30:00,Hoffenheim,34,15,7,12,53,37,13.29,4.76,10.82,5.12,1.94,0.06,1.56,0.09
La Liga,2019,2019-08-17 20:00:00,Granada,38,16,8,14,52,16,10.34,3.37,15.55,4.29,2.89,0.03,1.37,0.06
Serie A,2019,2019-08-25 19:45:00,Bologna,38,12,11,15,52,29,14.66,4.47,15.47,6.0,2.87,0.18,1.37,0.09
Serie A,2019,2019-08-25 19:45:00,Cagliari,38,11,12,15,52,28,11.68,3.74,13.74,4.05,2.87,0.16,1.37,0.07
Serie A,2019,2019-08-26 19:45:00,Lecce,38,9,8,21,52,41,13.84,4.82,12.18,4.79,2.61,0.13,1.37,0.09
Bundesliga,2019,2019-08-17 14:30:00,FC Cologne,34,10,6,18,51,27,12.21,4.47,14.06,5.15,2.32,0.12,1.5,0.09
La Liga,2019,2019-08-18 21:00:00,Atletico Madrid,38,18,16,4,51,11,11.79,3.82,13.5,4.82,2.55,0.08,1.34,0.07
Premier League,2019,2019-08-10 15:00:00,Southampton,38,15,7,16,51,35,13.16,4.76,11.84,5.53,1.39,0.11,1.34,0.09
Premier League,2019,2019-08-11 14:00:00,Wolverhampton Wanderers,38,15,14,9,51,19,12.08,3.84,10.68,5.08,1.5,0.05,1.34,0.08
Serie A,2019,2019-08-24 19:45:00,Fiorentina,38,12,13,13,51,22,14.45,4.82,14.16,5.5,2.79,0.13,1.34,0.09
Premier League,2019,2019-08-10 12:30:00,West Ham,38,10,9,19,49,33,11.05,4.29,10.18,5.0,1.63,0.03,1.29,0.09
Bundesliga,2019,2019-08-17 14:30:00,Freiburg,34,13,9,12,48,17,13.15,4.35,9.44,4.44,1.26,0.06,1.41,0.09
Bundesliga,2019,2019-08-16 19:30:00,Hertha Berlin,34,11,8,15,48,32,10.59,3.59,13.24,3.68,2.29,0.12,1.41,0.07
Bundesliga,2019,2019-08-17 14:30:00,Wolfsburg,34,13,10,11,48,23,13.94,4.68,13.65,4.91,2.09,0.12,1.41,0.1
La Liga,2019,2019-08-18 20:00:00,Real Betis,38,10,11,17,48,27,12.58,4.21,12.45,4.87,2.84,0.24,1.26,0.09
Serie A,2019,2019-08-25 19:45:00,Sampdoria,38,12,6,20,48,30,14.71,4.58,14.71,5.13,2.87,0.18,1.26,0.1
La Liga,2019,2019-08-18 16:00:00,Levante,38,14,7,17,47,19,11.26,3.63,12.29,4.97,2.08,0.13,1.24,0.08
Serie A,2019,2019-08-25 19:45:00,Genoa,38,10,9,19,47,31,11.53,4.08,14.82,4.39,2.82,0.26,1.24,0.09
Serie A,2019,2019-08-25 19:45:00,Verona,38,12,13,13,47,25,11.66,4.08,14.58,5.45,2.29,0.18,1.24,0.09
La Liga,2019,2019-08-17 20:00:00,Osasuna,38,13,13,12,46,29,12.24,3.95,14.32,4.71,2.89,0.16,1.21,0.09
La Liga,2019,2019-08-17 18:00:00,Valencia,38,14,11,13,46,16,8.89,3.16,10.87,4.45,2.13,0.21,1.21,0.07
Serie A,2019,2019-08-25 19:45:00,Torino,38,11,7,20,46,30,11.76,4.03,15.82,4.74,2.53,0.18,1.21,0.09
Bundesliga,2019,2019-08-17 14:30:00,Augsburg,34,9,9,16,45,29,10.68,3.97,10.53,3.91,2.0,0.06,1.32,0.09
Bundesliga,2019,2019-08-17 14:30:00,Mainz 05,34,11,4,19,44,29,13.32,4.24,13.09,5.12,2.21,0.09,1.29,0.1
Ligue 1,2019,2019-08-09 19:45:00,Monaco,28,11,7,10,44,22,13.5,5.0,12.0,4.71,2.18,0.36,1.57,0.11
Premier League,2019,2019-08-10 15:00:00,Everton,38,13,10,15,44,21,12.37,4.26,12.42,5.34,1.84,0.08,1.16,0.1
La Liga,2019,2019-08-18 21:00:00,Getafe,38,14,12,12,43,20,10.84,3.42,18.55,4.87,3.58,0.11,1.13,0.08
Premier League,2019,2019-08-10 15:00:00,Burnley,38,15,9,14,43,23,10.18,3.53,10.84,4.5,1.76,0.0,1.13,0.08
Bundesliga,2019,2019-08-17 14:30:00,Werder Bremen,34,8,7,19,42,36,12.47,4.12,12.85,4.71,2.35,0.12,1.24,0.1
Ligue 1,2019,2019-08-09 19:45:00,Lyon,28,11,7,10,42,7,12.86,4.86,12.18,4.61,1.79,0.14,1.5,0.12
Bundesliga,2019,2019-08-18 17:00:00,Union Berlin,34,12,5,17,41,20,11.82,3.97,15.06,4.03,2.06,0.15,1.21,0.1
La Liga,2019,2019-08-16 20:00:00,Athletic Club,38,13,12,13,41,14,10.82,3.61,13.74,4.71,2.37,0.05,1.08,0.09
Ligue 1,2019,2019-08-10 16:30:00,Marseille,28,16,8,4,41,14,13.39,4.29,13.29,5.39,2.46,0.11,1.46,0.1
Ligue 1,2019,2019-08-10 19:00:00,Nice,28,11,8,9,41,20,12.11,4.71,10.54,4.68,2.11,0.25,1.46,0.11
Premier League,2019,2019-08-10 17:30:00,Aston Villa,38,9,8,21,41,30,12.05,3.89,11.87,5.26,1.79,0.03,1.08,0.09
La Liga,2019,2019-08-17 19:00:00,Mallorca,38,9,6,23,40,22,11.05,3.39,13.37,4.5,2.45,0.13,1.05,0.08
Ligue 1,2019,2019-08-10 19:00:00,Bordeaux,28,9,10,9,40,12,11.11,3.93,13.54,4.89,1.96,0.0,1.43,0.1
Premier League,2019,2019-08-10 15:00:00,Bournemouth,38,9,7,22,40,30,10.18,3.18,9.71,5.11,1.92,0.08,1.05,0.08
La Liga,2019,2019-08-17 19:00:00,Eibar,38,11,9,18,39,25,11.24,3.76,14.16,4.97,2.39,0.08,1.03,0.1
Premier League,2019,2019-08-10 15:00:00,Brighton,38,9,14,15,39,27,12.11,3.71,10.13,4.68,1.47,0.05,1.03,0.1
Premier League,2019,2019-08-10 15:00:00,Sheffield United,38,14,12,12,39,15,9.29,3.03,10.79,5.58,1.61,0.05,1.03,0.08
Bundesliga,2019,2019-08-17 17:30:00,Schalke 04,34,9,12,13,38,27,11.29,3.79,11.06,4.47,1.91,0.06,1.12,0.1
Ligue 1,2019,2019-08-10 19:00:00,Rennes,28,15,5,8,38,14,12.25,4.18,13.82,4.43,1.82,0.04,1.36,0.11
Premier League,2019,2019-08-11 14:00:00,Newcastle United,38,11,11,16,38,21,10.47,3.5,9.74,3.97,1.71,0.08,1.0,0.09
Bundesliga,2019,2019-08-17 14:30:00,Paderborn,34,4,8,22,37,46,12.68,3.79,12.06,5.18,2.5,0.09,1.09,0.1
La Liga,2019,2019-08-17 16:00:00,Celta Vigo,38,7,16,15,37,20,9.68,3.79,12.45,4.63,2.71,0.16,0.97,0.1
Serie A,2019,2019-08-25 17:00:00,Udinese,38,12,9,17,37,23,12.32,3.76,12.97,5.26,1.97,0.08,0.97,0.1
Bundesliga,2019,2019-08-17 14:30:00,Fortuna Duesseldorf,34,6,12,16,36,28,12.59,3.5,11.5,4.35,2.29,0.0,1.06,0.1
Premier League,2019,2019-08-10 15:00:00,Watford,38,8,10,20,36,27,11.11,3.21,12.74,4.39,1.97,0.08,0.95,0.09
Ligue 1,2019,2019-08-11 14:00:00,Lille,28,15,4,9,35,9,12.54,4.64,13.71,5.5,1.82,0.11,1.25,0.13
Ligue 1,2019,2019-08-10 19:00:00,Montpellier,28,11,7,10,35,10,12.61,4.18,15.04,4.64,2.04,0.18,1.25,0.12
Serie A,2019,2019-08-25 19:45:00,Brescia,38,6,7,25,35,34,11.03,3.79,13.0,4.21,2.5,0.16,0.92,0.11
La Liga,2019,2019-08-18 16:00:00,Alaves,38,10,9,19,34,19,8.26,2.74,16.34,3.61,2.87,0.18,0.89,0.08
Ligue 1,2019,2019-08-10 19:00:00,Brest,28,8,10,10,34,11,11.54,3.64,11.75,4.18,1.61,0.07,1.21,0.11
La Liga,2019,2019-08-18 20:00:00,Real Valladolid,38,9,15,14,32,15,9.84,3.21,12.76,4.24,2.13,0.0,0.84,0.1
Ligue 1,2019,2019-08-11 16:00:00,Strasbourg,27,11,5,11,32,14,12.11,4.07,13.56,4.78,1.74,0.04,1.19,0.13
Ligue 1,2019,2019-08-10 19:00:00,Amiens,28,4,11,13,31,23,8.39,2.96,14.39,3.86,2.14,0.14,1.11,0.1
Premier League,2019,2019-08-10 15:00:00,Crystal Palace,38,11,10,17,31,20,9.89,3.16,11.18,4.66,1.61,0.05,0.82,0.1
La Liga,2019,2019-08-17 20:00:00,Leganes,38,8,12,18,30,26,11.32,3.92,15.55,4.13,3.34,0.11,0.79,0.13
Ligue 1,2019,2019-08-11 20:00:00,Nimes,28,7,6,15,29,15,12.64,3.82,12.82,5.11,1.68,0.21,1.04,0.13
Ligue 1,2019,2019-08-10 19:00:00,Saint-Etienne,28,8,6,14,29,18,10.93,3.64,13.25,5.0,2.18,0.11,1.04,0.13
Ligue 1,2019,2019-08-10 19:00:00,Angers,28,11,6,11,28,13,12.93,4.04,12.0,5.21,1.57,0.07,1.0,0.14
Ligue 1,2019,2019-08-11 14:00:00,Nantes,28,11,4,13,28,11,11.89,4.07,13.39,5.36,1.89,0.07,1.0,0.15
La Liga,2019,2019-08-18 18:00:00,Espanyol,38,5,10,23,27,31,10.79,3.26,15.26,4.08,2.76,0.24,0.71,0.12
Ligue 1,2019,2019-08-10 19:00:00,Dijon,28,7,9,12,27,15,12.0,3.68,12.54,4.36,1.61,0.07,0.96,0.14
Ligue 1,2019,2019-08-11 16:00:00,Metz,28,8,10,10,27,17,11.07,3.57,12.04,4.25,1.68,0.14,0.96,0.13
Serie A,2019,2019-08-25 19:45:00,SPAL 2013,38,5,5,28,27,40,12.32,3.29,13.97,4.16,2.63,0.08,0.71,0.12
Ligue 1,2019,2019-08-10 16:30:00,Reims,28,10,11,7,26,7,11.75,3.21,13.68,5.11,2.04,0.18,0.93,0.12
Premier League,2019,2019-08-09 20:00:00,Norwich,38,5,6,27,26,37,10.76,3.42,9.55,4.26,1.76,0.08,0.68,0.13
Ligue 1,2019,2019-08-10 19:00:00,Toulouse,28,3,4,21,22,24,11.29,3.46,14.14,4.39,1.75,0.18,0.79,0.16
Bundesliga,2020,2020-09-18 18:30:00,Bayern Munich,34,24,6,4,99,21,16.94,6.88,9.32,6.94,1.32,0.09,2.91,0.07
Serie A,2020,2020-09-26 13:00:00,Atalanta,38,23,9,6,90,24,16.34,6.11,15.29,5.29,1.76,0.08,2.37,0.07
Serie A,2020,2020-09-26 18:45:00,Inter,38,28,7,3,89,18,14.55,5.34,12.42,5.42,1.61,0.05,2.34,0.06
Ligue 1,2020,2020-09-10 21:00:00,Paris Saint Germain,38,26,4,8,86,14,14.95,5.66,12.18,5.74,2.08,0.18,2.26,0.07
Serie A,2020,2020-09-20 10:30:00,Napoli,38,24,5,9,86,20,17.03,6.0,10.21,5.76,2.0,0.08,2.26,0.07
La Liga,2020,2021-02-24 20:00:00,Barcelona,38,24,7,7,85,20,15.32,6.37,9.39,5.71,1.89,0.05,2.24,0.07
Premier League,2020,2021-01-20 20:00:00,Manchester City,38,27,5,6,83,17,15.79,5.76,9.5,6.5,1.21,0.05,2.18,0.07
Ligue 1,2020,2020-08-28 19:00:00,Lyon,38,22,10,6,81,23,16.11,6.26,12.66,6.11,1.74,0.21,2.13,0.08
Serie A,2020,2020-09-20 18:45:00,Juventus,38,23,9,6,77,18,15.61,5.68,13.26,5.79,2.11,0.16,2.03,0.07
Ligue 1,2020,2020-08-23 11:00:00,Monaco,38,24,6,8,76,21,12.87,4.63,12.76,5.74,2.05,0.13,2.0,0.06
Bundesliga,2020,2020-09-19 16:30:00,Borussia Dortmund,34,20,4,10,75,20,14.56,5.74,10.62,5.09,1.32,0.03,2.21,0.08
Serie A,2020,2020-09-21 18:45:00,AC Milan,38,24,7,7,74,24,14.68,5.42,13.42,5.61,2.21,0.11,1.95,0.07
Premier League,2020,2021-01-12 22:15:00,Manchester United,38,21,11,6,73,28,13.82,5.58,11.89,5.18,1.68,0.03,1.92,0.08
Bundesliga,2020,2020-09-19 13:30:00,Eintracht Frankfurt,34,16,12,6,69,20,13.15,5.09,13.5,6.03,2.41,0.03,2.03,0.07
Premier League,2020,2020-09-13 13:00:00,Leicester,38,20,6,12,68,30,12.71,4.82,10.95,5.63,1.58,0.0,1.79,0.07
Premier League,2020,2020-09-12 16:30:00,Liverpool,38,20,9,9,68,20,16.0,5.63,10.42,6.84,1.05,0.0,1.79,0.08
Premier League,2020,2020-09-13 15:30:00,Tottenham,38,18,8,12,68,20,11.68,4.63,11.55,4.42,1.39,0.05,1.79,0.07
Serie A,2020,2020-09-19 18:45:00,Roma,38,18,9,11,68,18,14.32,5.26,14.5,5.76,2.39,0.08,1.79,0.08
La Liga,2020,2021-02-17 18:00:00,Atletico Madrid,38,26,8,4,67,11,12.11,4.89,12.87,5.16,2.58,0.0,1.76,0.07
La Liga,2020,2021-02-09 20:00:00,Real Madrid,38,25,9,4,67,13,14.37,4.61,10.71,5.92,1.58,0.05,1.76,0.07
Bundesliga,2020,2020-09-19 16:30:00,Borussia M.Gladbach,34,13,10,11,64,19,13.35,5.21,11.56,5.21,1.79,0.06,1.88,0.08
Ligue 1,2020,2020-08-22 19:00:00,Lille,38,24,11,3,64,11,12.79,4.84,12.82,4.84,1.79,0.05,1.68,0.08
Serie A,2020,2020-09-20 16:00:00,Sassuolo,38,17,11,10,64,27,13.95,4.76,13.05,5.47,2.08,0.11,1.68,0.07
Premier League,2020,2020-09-12 16:30:00,Leeds,38,18,5,15,62,21,13.74,5.24,11.24,6.08,1.61,0.03,1.63,0.08
Premier League,2020,2020-09-12 19:00:00,West Ham,38,19,8,11,62,22,12.34,4.34,9.84,4.42,1.26,0.08,1.63,0.07
Bundesliga,2020,2020-09-20 16:00:00,Wolfsburg,34,17,10,7,61,16,14.03,5.03,12.91,5.18,1.71,0.09,1.79,0.08
Serie A,2020,2020-09-26 16:00:00,Lazio,38,21,5,12,61,23,13.82,4.89,13.24,4.97,2.82,0.13,1.61,0.08
Bundesliga,2020,2020-09-20 13:30:00,RasenBallsport Leipzig,34,19,8,7,60,13,15.88,5.97,12.68,5.41,1.68,0.0,1.76,0.1
La Liga,2020,2020-09-13 16:30:00,Villarreal,38,15,13,10,60,23,10.68,4.29,11.82,4.21,1.74,0.13,1.58,0.07
Ligue 1,2020,2020-08-29 15:00:00,Montpellier,38,14,12,12,60,35,12.26,4.63,13.47,4.84,1.71,0.18,1.58,0.08
La Liga,2020,2020-09-13 14:00:00,Real Sociedad,38,17,11,10,59,21,11.29,4.05,14.89,5.16,2.13,0.03,1.55,0.07
Premier League,2020,2020-09-14 19:15:00,Chelsea,38,19,10,9,58,18,14.68,5.47,11.39,5.97,1.26,0.08,1.53,0.09
Bundesliga,2020,2020-09-19 13:30:00,VfB Stuttgart,34,12,9,13,56,26,13.47,4.74,12.32,4.56,1.91,0.06,1.65,0.08
La Liga,2020,2020-09-12 14:00:00,Celta Vigo,38,14,11,13,55,30,9.42,3.74,16.61,3.29,2.84,0.13,1.45,0.07
Ligue 1,2020,2020-08-23 15:00:00,Lens,38,15,12,11,55,26,11.79,3.79,14.21,5.11,2.47,0.18,1.45,0.07
Premier League,2020,2020-09-12 11:30:00,Arsenal,38,18,7,13,55,21,12.05,4.0,9.08,5.47,1.24,0.13,1.45,0.07
Premier League,2020,2021-01-20 20:00:00,Aston Villa,38,16,7,15,55,27,13.71,4.92,11.55,5.66,1.66,0.08,1.45,0.09
Ligue 1,2020,2020-08-30 19:00:00,Marseille,38,16,12,10,54,23,10.05,3.63,13.13,4.58,2.55,0.26,1.42,0.07
Bundesliga,2020,2020-09-20 16:00:00,Bayer Leverkusen,34,14,10,10,53,22,13.06,4.97,12.68,5.41,1.71,0.0,1.56,0.09
La Liga,2020,2021-03-17 20:00:00,Sevilla,38,24,5,9,53,11,12.11,3.79,12.95,4.39,2.05,0.05,1.39,0.07
Bundesliga,2020,2020-09-19 13:30:00,Freiburg,34,12,9,13,52,23,11.5,4.41,12.88,3.62,1.85,0.0,1.53,0.08
Bundesliga,2020,2020-09-19 13:30:00,Hoffenheim,34,11,10,13,52,24,12.59,4.62,13.0,4.59,1.88,0.12,1.53,0.09
Ligue 1,2020,2020-08-22 19:00:00,Rennes,38,16,10,12,52,21,13.47,4.34,13.24,5.21,2.11,0.13,1.37,0.08
Serie A,2020,2020-09-20 18:45:00,Sampdoria,38,15,7,16,52,26,11.21,3.71,13.32,5.21,2.18,0.08,1.37,0.07
Serie A,2020,2020-09-27 10:30:00,Spezia,38,9,12,17,52,33,10.26,3.58,15.55,3.95,2.61,0.13,1.37,0.07
Serie A,2020,2020-09-21 18:45:00,Bologna,38,10,11,17,51,33,13.08,4.74,14.0,5.29,2.18,0.11,1.34,0.09
Bundesliga,2020,2020-09-19 13:30:00,Union Berlin,34,12,14,8,50,18,11.68,4.18,12.79,4.12,1.68,0.06,1.47,0.08
La Liga,2020,2020-09-13 12:00:00,Real Betis,38,17,10,11,50,21,11.66,4.21,13.71,4.84,2.45,0.21,1.32,0.08
La Liga,2020,2020-09-13 19:00:00,Valencia,38,10,13,15,50,23,10.39,3.71,12.08,4.29,2.16,0.13,1.32,0.07
Ligue 1,2020,2020-08-23 13:00:00,Brest,38,11,8,19,50,33,11.82,4.18,12.92,4.76,1.63,0.11,1.32,0.08
Ligue 1,2020,2020-08-23 13:00:00,Lorient,38,11,9,18,50,29,11.21,3.71,12.45,4.66,1.82,0.08,1.32,0.07
Ligue 1,2020,2020-08-23 15:00:00,Nice,38,15,7,16,50,30,10.79,3.82,12.08,4.39,1.92,0.11,1.32,0.08
Serie A,2020,2020-09-19 16:00:00,Torino,38,7,16,15,50,36,12.08,4.0,15.18,4.5,2.03,0.11,1.32,0.08
Ligue 1,2020,2020-08-23 13:00:00,Strasbourg,38,11,9,18,49,29,11.45,3.82,13.11,4.34,1.53,0.08,1.29,0.08
La Liga,2020,2020-09-12 16:30:00,Granada,38,13,7,18,47,25,9.39,3.29,14.03,3.39,2.58,0.16,1.24,0.07
Ligue 1,2020,2020-08-21 17:00:00,Nantes,38,9,13,16,47,29,10.84,3.47,13.37,4.68,1.84,0.11,1.24,0.07
Premier League,2020,2020-09-13 15:30:00,Everton,38,17,8,13,47,28,10.53,3.89,10.16,4.39,1.53,0.05,1.24,0.08
Premier League,2020,2020-09-12 14:00:00,Southampton,38,12,7,19,47,25,11.13,4.42,11.21,4.68,1.37,0.08,1.24,0.09
Serie A,2020,2020-09-19 16:00:00,Fiorentina,38,9,13,16,47,25,9.82,3.26,13.74,4.42,2.26,0.13,1.24,0.07
Serie A,2020,2020-09-20 13:00:00,Genoa,38,10,12,16,47,30,8.95,3.32,13.61,3.39,2.32,0.05,1.24,0.07
La Liga,2020,2020-09-12 16:30:00,Athletic Club,38,11,13,14,46,19,10.63,3.55,12.74,5.18,2.16,0.08,1.21,0.08
La Liga,2020,2020-09-13 19:00:00,Levante,38,9,14,15,46,30,10.08,3.47,13.39,4.55,1.79,0.03,1.21,0.08
Premier League,2020,2020-09-12 19:00:00,Newcastle United,38,12,9,17,46,33,10.42,3.74,10.21,4.24,1.61,0.08,1.21,0.08
Serie A,2020,2020-09-20 13:00:00,Crotone,38,6,5,27,45,35,9.61,3.24,14.05,3.63,2.34,0.11,1.18,0.07
Ligue 1,2020,2020-08-30 13:00:00,Metz,38,12,11,15,44,26,11.39,3.63,13.47,4.24,2.18,0.11,1.16,0.08
Serie A,2020,2020-09-20 16:00:00,Cagliari,38,9,10,19,43,32,11.32,3.47,13.47,4.47,2.03,0.08,1.13,0.08
Serie A,2020,2020-09-19 18:45:00,Verona,38,10,13,15,43,23,10.61,3.34,16.32,4.87,2.39,0.03,1.13,0.08
Ligue 1,2020,2020-08-21 17:00:00,Bordeaux,38,13,6,19,42,21,11.05,3.74,12.24,4.58,2.05,0.11,1.11,0.09
Ligue 1,2020,2020-08-23 11:00:00,Reims,38,9,15,14,42,21,9.55,3.34,11.61,3.84,2.03,0.21,1.11,0.08
Ligue 1,2020,2020-08-30 13:00:00,Saint-Etienne,38,12,10,16,42,29,11.63,4.0,13.95,5.03,2.0,0.05,1.11,0.1
Serie A,2020,2020-09-27 13:00:00,Udinese,38,10,10,18,42,19,10.92,3.47,13.39,4.29,1.71,0.05,1.11,0.08
Bundesliga,2020,2020-09-19 13:30:00,Hertha Berlin,34,8,11,15,41,26,11.26,4.44,13.76,4.47,1.97,0.09,1.21,0.11
Premier League,2020,2020-09-12 14:00:00,Crystal Palace,38,12,8,18,41,32,9.18,3.45,10.76,3.97,1.42,0.05,1.08,0.08
Ligue 1,2020,2020-08-22 15:00:00,Angers,38,12,8,18,40,27,10.55,3.76,11.97,4.42,1.71,0.05,1.05,0.09
Ligue 1,2020,2020-08-23 13:00:00,Nimes,38,9,8,21,40,39,10.26,3.68,11.11,4.24,1.61,0.13,1.05,0.09
Premier League,2020,2020-09-14 19:15:00,Brighton,38,9,14,15,40,22,12.82,3.76,11.24,5.76,1.18,0.16,1.05,0.09
Serie A,2020,2020-09-26 16:00:00,Benevento,38,7,12,19,40,39,11.0,3.55,13.13,4.45,2.5,0.13,1.05,0.09
Bundesliga,2020,2020-09-20 13:30:00,Mainz 05,34,10,9,15,39,26,11.12,4.09,14.88,3.82,1.85,0.03,1.15,0.1
Serie A,2020,2020-09-20 10:30:00,Parma Calcio 1913,38,3,11,24,39,39,10.5,3.42,13.82,4.05,2.39,0.03,1.03,0.09
La Liga,2020,2020-09-12 19:00:00,Osasuna,38,11,11,16,37,23,9.84,3.24,14.08,3.08,2.11,0.13,0.97,0.09
Bundesliga,2020,2020-09-19 13:30:00,Augsburg,34,10,6,18,36,25,9.91,3.32,11.53,3.56,2.09,0.12,1.06,0.09
Bundesliga,2020,2020-09-19 13:30:00,Werder Bremen,34,7,10,17,36,28,10.59,3.71,11.56,3.44,1.97,0.09,1.06,0.1
La Liga,2020,2020-09-13 12:00:00,Alaves,38,9,11,18,36,25,9.16,2.74,13.47,3.74,2.55,0.21,0.95,0.08
La Liga,2020,2020-09-12 19:00:00,Cadiz,38,11,11,16,36,30,7.97,2.68,11.45,3.92,2.11,0.08,0.95,0.07
Premier League,2020,2020-09-14 17:00:00,Wolverhampton Wanderers,38,12,9,17,36,25,12.21,4.08,11.18,5.5,1.39,0.0,0.95,0.11
Premier League,2020,2020-09-13 13:00:00,West Bromwich Albion,38,5,11,22,35,39,8.92,2.95,10.63,3.82,1.34,0.11,0.92,0.08
Bundesliga,2020,2020-09-19 13:30:00,FC Cologne,34,8,9,17,34,31,10.65,3.18,12.44,3.97,1.79,0.03,1.0,0.09
La Liga,2020,2021-02-24 20:00:00,Elche,38,8,12,18,34,23,7.05,2.37,13.84,3.63,2.61,0.08,0.89,0.07
La Liga,2020,2020-09-13 14:00:00,Real Valladolid,38,5,16,17,34,30,9.66,3.13,13.42,3.82,2.45,0.11,0.89,0.09
La Liga,2020,2020-09-13 16:30:00,SD Huesca,38,7,13,18,34,21,10.63,3.55,13.89,4.11,1.84,0.05,0.89,0.1
Premier League,2020,2021-01-12 22:15:00,Burnley,38,10,9,19,33,27,10.11,3.42,10.11,4.53,1.26,0.0,0.87,0.1
La Liga,2020,2020-09-12 14:00:00,Eibar,38,6,12,20,29,21,11.89,3.58,13.0,5.21,1.84,0.08,0.76,0.12
La Liga,2020,2021-02-09 20:00:00,Getafe,38,9,11,18,28,13,9.53,2.82,16.58,3.76,3.13,0.21,0.74,0.1
Premier League,2020,2020-09-12 11:30:00,Fulham,38,5,13,20,27,28,11.63,3.55,12.74,4.32,1.74,0.08,0.71,0.13
Bundesliga,2020,2020-09-19 13:30:00,Arminia Bielefeld,34,9,8,17,26,23,9.82,3.0,11.5,3.47,1.5,0.03,0.76,0.12
Bundesliga,2020,2020-09-18 18:30:00,Schalke 04,34,3,7,24,25,34,8.88,2.5,12.26,3.65,2.18,0.06,0.74,0.1
Ligue 1,2020,2020-08-22 15:00:00,Dijon,38,4,9,25,25,31,9.21,2.45,13.5,3.84,2.03,0.13,0.66,0.1
Premier League,2020,2020-09-14 17:00:00,Sheffield United,38,7,2,29,20,27,8.58,2.66,12.08,4.5,1.92,0.08,0.53,0.13
